umbrella_sales,raincoat_sales,icecream_sales,cold_drink_sales,sunscreen_sales,jacket_sales,heater_sales,sweater_sales,gloves_sales,tea_sales,coffee_sales,soup_sales,snacks_sales,bread_sales,weather
8,4,5,21,4,94,117,99,81,138,100,119,72,73,Cold
68,42,54,69,28,56,10,36,27,71,43,41,70,70,Cloudy
0,13,104,101,83,10,8,10,9,36,28,17,95,81,Sunny
16,13,19,16,4,149,130,132,76,121,119,99,68,82,Cold
16,17,0,24,6,161,115,120,100,121,138,126,75,85,Cold
11,6,5,8,0,90,108,131,77,103,119,123,77,81,Cold
7,10,3,26,14,169,133,104,89,122,98,132,44,78,Cold
6,19,0,3,12,118,112,112,114,99,105,98,41,66,Cold
12,14,0,14,0,126,130,111,98,121,125,142,48,93,Cold
12,3,9,20,7,161,118,140,83,85,74,152,74,81,Cold
32,41,60,31,33,30,12,64,23,76,61,41,108,64,Cloudy
103,115,8,24,4,43,14,30,29,138,107,53,54,79,Rainy
5,13,142,119,87,15,8,12,2,11,36,12,73,48,Sunny
100,111,10,7,3,69,0,45,47,137,109,77,45,74,Rainy
17,11,19,0,10,105,132,95,107,125,84,105,65,66,Cold
57,37,55,48,25,31,24,64,41,45,69,73,63,100,Cloudy
4,18,156,71,99,8,3,5,2,17,18,13,99,44,Sunny
81,104,26,14,11,74,8,54,40,102,100,46,44,73,Rainy
10,7,5,8,9,132,145,120,118,88,76,91,62,79,Cold
36,25,34,31,45,61,17,48,31,54,57,78,87,82,Cloudy
66,35,40,50,34,67,33,50,23,45,65,75,72,106,Cloudy
17,19,106,142,88,3,9,7,13,29,20,8,82,56,Sunny
50,59,69,38,32,57,31,69,46,65,79,63,103,70,Cloudy
42,24,60,49,39,51,36,69,43,63,74,72,103,68,Cloudy
17,10,18,18,8,169,90,117,79,100,97,129,74,87,Cold
27,5,135,140,92,13,8,14,2,37,23,9,88,73,Sunny
15,3,105,113,96,19,5,6,13,30,15,24,94,47,Sunny
7,18,7,23,9,165,136,120,84,96,85,100,74,85,Cold
21,10,119,112,116,13,5,13,3,18,14,20,85,84,Sunny
12,4,5,12,13,144,80,102,107,118,118,111,41,80,Cold
31,29,64,52,32,67,13,59,48,52,40,54,108,89,Cloudy
8,4,2,14,4,127,133,125,117,128,102,143,51,75,Cold
123,69,25,27,16,72,13,55,29,135,95,72,79,78,Rainy
96,99,10,24,9,69,6,37,31,113,64,84,72,90,Rainy
60,29,36,69,35,32,12,44,28,41,66,56,69,96,Cloudy
147,94,28,21,1,50,6,40,38,103,100,55,78,97,Rainy
14,3,124,106,81,14,0,11,3,28,32,22,56,46,Sunny
63,36,35,54,36,46,16,48,22,41,68,47,60,78,Cloudy
98,64,20,33,19,54,17,60,49,110,67,71,54,72,Rainy
22,7,135,105,116,13,5,18,5,29,19,18,57,56,Sunny
8,8,100,132,109,17,3,18,4,36,20,22,68,81,Sunny
144,69,21,27,15,74,16,47,28,107,88,89,65,97,Rainy
41,39,52,69,33,65,18,56,44,62,46,67,70,76,Cloudy
52,28,65,38,49,49,26,45,20,44,58,60,68,77,Cloudy
132,116,16,35,12,44,11,37,26,138,106,48,87,91,Rainy
121,83,19,29,9,51,3,64,37,136,114,79,47,70,Rainy
12,1,16,13,11,169,92,122,103,114,90,98,65,50,Cold
104,106,11,26,8,51,17,42,40,71,94,78,58,54,Rainy
16,3,13,6,5,146,107,113,72,130,102,157,54,83,Cold
4,11,147,95,99,8,2,2,1,10,29,23,55,66,Sunny
23,15,141,98,64,10,4,6,5,18,25,17,96,45,Sunny
16,8,17,22,12,156,117,114,95,143,92,147,56,54,Cold
97,78,5,31,12,79,4,51,45,115,112,47,53,72,Rainy
140,79,8,32,18,45,1,36,24,91,86,81,71,98,Rainy
11,7,105,130,99,12,0,11,14,28,33,24,80,69,Sunny
68,45,58,33,26,42,38,37,45,42,70,42,100,73,Cloudy
26,1,123,137,68,10,9,15,4,23,36,11,71,44,Sunny
92,119,11,38,9,70,0,35,22,98,90,67,83,68,Rainy
140,110,7,36,18,75,2,55,49,89,83,65,57,84,Rainy
19,5,6,4,7,107,89,110,72,127,128,156,60,85,Cold
90,61,7,9,10,58,11,30,30,137,94,88,70,71,Rainy
81,118,25,18,12,50,3,51,44,70,91,83,43,66,Rainy
37,47,41,45,26,62,12,50,43,66,57,71,69,106,Cloudy
134,103,6,10,13,47,2,33,43,132,114,70,80,90,Rainy
14,2,5,21,8,108,139,147,85,145,125,124,59,74,Cold
0,1,94,131,118,8,6,15,6,10,14,11,68,52,Sunny
81,111,8,20,14,75,1,66,38,90,118,72,75,77,Rainy
10,2,0,21,1,167,113,94,97,139,115,110,44,89,Cold
55,34,65,40,48,46,24,45,49,64,75,72,75,92,Cloudy
11,2,91,144,112,17,2,5,11,16,21,15,67,48,Sunny
15,2,136,142,61,6,4,8,10,24,15,22,79,85,Sunny
26,5,135,106,77,10,0,17,8,33,28,6,51,64,Sunny
8,15,2,25,12,152,117,154,118,146,85,148,62,86,Cold
133,98,13,10,18,45,12,49,41,95,90,74,70,54,Rainy
10,15,9,5,1,156,148,101,92,145,79,126,76,52,Cold
30,29,57,42,24,45,25,38,25,78,55,44,90,83,Cloudy
25,2,103,107,72,12,4,14,6,35,15,22,69,56,Sunny
14,5,7,18,12,161,142,129,93,144,119,92,48,54,Cold
5,14,7,12,6,149,108,128,99,137,80,90,70,87,Cold
13,11,93,109,96,19,4,16,7,39,11,20,75,81,Sunny
64,22,31,63,44,54,18,46,21,60,75,44,63,69,Cloudy
56,27,37,46,43,55,26,30,22,74,75,55,69,89,Cloudy
1,17,143,142,109,7,2,14,1,25,30,6,91,79,Sunny
2,9,18,17,13,154,104,145,82,88,122,130,59,92,Cold
20,10,105,132,109,8,9,13,2,34,16,23,83,56,Sunny
148,108,29,37,1,42,11,50,36,74,109,88,69,55,Rainy
39,23,52,33,25,41,29,63,27,50,75,47,98,81,Cloudy
16,4,120,131,100,13,2,7,14,31,18,14,99,46,Sunny
0,12,18,21,2,152,81,121,106,143,88,127,60,97,Cold
1,8,105,135,79,4,4,3,13,10,32,7,67,69,Sunny
83,68,12,6,19,79,2,40,39,113,102,77,60,75,Rainy
6,6,2,10,10,169,108,110,89,94,133,137,44,91,Cold
62,34,58,33,30,61,38,60,47,52,57,57,90,60,Cloudy
45,31,37,42,35,32,28,38,44,50,50,71,70,81,Cloudy
59,33,60,69,30,39,31,30,39,75,68,49,75,71,Cloudy
27,9,128,145,83,3,5,15,14,11,22,24,59,49,Sunny
97,72,27,38,7,41,16,58,40,89,70,88,52,93,Rainy
52,26,60,41,36,62,38,68,36,45,63,79,76,104,Cloudy
65,22,37,63,32,53,35,65,35,73,46,62,96,90,Cloudy
140,115,26,22,16,42,16,39,48,108,76,77,57,72,Rainy
83,108,13,8,16,49,1,39,41,134,61,73,60,52,Rainy
41,58,36,37,49,63,32,59,35,42,67,65,68,66,Cloudy
104,114,10,38,9,72,4,69,20,91,100,44,44,58,Rainy
11,7,16,9,3,101,120,110,107,112,133,125,72,54,Cold
6,8,2,4,3,119,136,137,118,114,135,110,77,64,Cold
10,19,12,22,14,160,105,133,105,115,126,92,75,67,Cold
47,46,59,58,24,30,13,57,47,54,54,54,97,81,Cloudy
31,40,48,38,22,64,16,47,44,71,41,40,73,86,Cloudy
16,4,5,24,4,167,89,118,93,130,83,96,49,83,Cold
127,73,12,36,12,44,14,46,40,122,96,71,41,97,Rainy
52,52,49,33,33,46,16,46,31,79,70,77,109,96,Cloudy
133,80,18,35,5,77,6,63,46,112,101,82,51,94,Rainy
9,2,147,139,119,15,0,3,2,23,34,24,95,41,Sunny
25,19,119,114,96,3,5,7,1,18,25,13,76,65,Sunny
102,91,7,33,18,74,14,48,48,104,102,52,61,59,Rainy
9,14,110,114,104,17,1,19,14,32,13,14,82,77,Sunny
26,7,154,102,112,11,6,6,11,18,20,13,65,46,Sunny
25,18,122,97,66,11,6,8,6,16,10,13,54,54,Sunny
21,13,89,99,67,10,8,1,6,16,22,6,98,88,Sunny
12,10,1,8,1,138,95,111,72,104,118,106,40,55,Cold
133,68,27,25,12,44,6,63,26,93,73,61,45,76,Rainy
146,106,27,6,14,47,7,54,32,131,67,47,77,79,Rainy
98,95,18,17,13,76,13,33,27,83,116,89,44,97,Rainy
105,66,23,22,17,54,15,49,41,90,111,81,87,99,Rainy
86,62,21,33,14,45,2,30,37,114,90,59,59,59,Rainy
62,33,60,49,38,39,34,50,43,64,66,60,106,104,Cloudy
41,30,65,62,26,52,14,38,20,79,55,61,79,102,Cloudy
5,14,11,28,10,108,127,98,77,128,99,150,53,80,Cold
18,18,122,110,114,0,2,2,8,35,16,10,85,49,Sunny
54,31,60,64,30,54,37,43,35,64,79,50,86,62,Cloudy
4,2,5,1,5,95,131,136,127,139,133,139,63,61,Cold
64,51,59,69,38,61,12,30,36,79,54,76,92,79,Cloudy
5,5,5,17,1,112,131,144,108,88,133,140,79,90,Cold
2,16,130,123,72,12,0,17,12,30,22,10,81,78,Sunny
5,7,94,73,69,19,4,5,14,25,23,5,52,64,Sunny
95,84,9,6,13,40,0,37,44,111,92,80,48,89,Rainy
140,89,20,39,12,72,14,43,20,118,76,55,78,50,Rainy
15,1,6,11,12,137,94,156,111,125,112,119,51,63,Cold
48,53,46,61,30,49,17,53,22,47,70,66,96,108,Cloudy
143,70,14,37,12,51,10,45,47,116,111,50,68,97,Rainy
11,6,4,17,7,158,90,102,105,99,89,111,56,65,Cold
29,14,104,85,74,11,4,9,13,27,31,21,55,58,Sunny
108,119,21,13,14,46,3,33,41,137,109,45,60,96,Rainy
31,46,62,64,28,44,36,45,36,55,67,73,81,85,Cloudy
60,48,49,51,39,45,38,51,25,46,44,54,70,62,Cloudy
115,108,5,18,16,54,9,60,38,138,80,63,63,86,Rainy
48,31,66,61,29,57,15,61,24,57,66,64,60,87,Cloudy
6,15,157,71,64,14,1,12,14,15,34,16,65,49,Sunny
5,5,12,13,5,107,147,148,84,103,90,125,49,63,Cold
52,50,38,33,47,66,18,60,30,79,53,48,106,70,Cloudy
52,45,38,33,27,57,22,63,34,44,68,78,77,100,Cloudy
64,37,34,54,37,68,25,57,29,75,47,59,76,81,Cloudy
32,33,45,42,24,48,19,31,48,43,50,77,69,73,Cloudy
43,39,44,31,25,36,28,56,30,65,79,46,101,63,Cloudy
140,111,23,21,13,49,16,31,27,123,95,55,81,88,Rainy
19,14,6,15,13,94,122,128,124,137,127,131,76,80,Cold
60,47,31,52,37,42,38,67,24,62,58,64,86,91,Cloudy
69,30,53,31,49,50,12,62,29,47,78,62,80,70,Cloudy
112,83,25,6,0,50,11,49,31,124,88,49,55,74,Rainy
135,97,17,39,2,72,0,69,49,127,117,86,66,71,Rainy
54,30,50,37,39,41,35,51,46,42,46,48,100,89,Cloudy
95,103,29,31,18,79,6,64,26,116,77,63,81,78,Rainy
52,24,61,63,27,50,15,60,31,73,58,59,92,99,Cloudy
11,6,4,6,13,151,99,93,123,104,71,119,73,68,Cold
12,9,10,19,1,126,114,159,94,101,135,140,44,56,Cold
42,37,55,66,32,69,26,57,25,75,48,50,97,60,Cloudy
20,19,125,88,105,11,3,4,5,29,11,14,59,75,Sunny
143,79,21,31,10,79,6,44,25,105,82,78,46,81,Rainy
16,0,148,115,110,13,1,18,11,33,38,9,92,47,Sunny
139,111,6,7,5,61,5,37,32,122,113,81,47,96,Rainy
17,3,9,23,2,132,117,96,116,85,122,110,62,84,Cold
35,28,41,52,28,41,38,35,43,40,79,58,78,107,Cloudy
20,11,142,131,110,14,9,11,4,35,11,11,78,66,Sunny
86,84,6,20,16,78,2,64,36,105,115,68,68,52,Rainy
55,35,36,47,40,40,15,39,27,69,76,67,69,93,Cloudy
148,93,13,10,12,52,15,62,35,112,98,40,72,65,Rainy
18,14,6,1,7,142,84,154,105,140,116,144,69,89,Cold
18,18,129,123,93,5,1,0,12,28,14,18,69,88,Sunny
135,68,29,34,6,64,11,61,36,73,107,48,61,57,Rainy
4,11,159,81,82,7,0,7,0,21,36,17,54,59,Sunny
82,83,16,24,9,61,14,55,46,81,62,85,54,88,Rainy
18,2,17,5,8,145,111,122,126,104,85,135,61,61,Cold
1,8,3,10,12,159,139,140,73,86,108,101,72,87,Cold
47,57,50,32,23,53,15,58,30,64,53,70,109,63,Cloudy
25,16,105,121,103,0,0,12,13,17,35,23,97,43,Sunny
6,9,130,109,83,17,0,13,13,29,36,14,74,70,Sunny
93,83,10,37,0,48,4,42,27,84,72,66,61,69,Rainy
52,37,45,45,24,37,17,49,45,50,47,67,65,75,Cloudy
1,19,11,18,7,110,94,132,106,95,126,127,64,97,Cold
0,12,1,9,7,136,116,141,70,100,85,123,45,97,Cold
33,21,42,40,24,40,36,38,35,47,50,56,71,77,Cloudy
1,8,154,72,118,2,6,12,1,11,29,17,88,65,Sunny
9,4,12,28,5,145,99,99,121,90,106,115,76,91,Cold
142,98,22,18,17,44,16,53,33,97,110,45,84,94,Rainy
32,25,39,41,38,56,10,32,39,50,78,72,76,100,Cloudy
2,9,4,24,9,164,107,130,128,101,112,128,64,52,Cold
51,35,41,52,27,67,27,47,33,48,55,57,90,65,Cloudy
37,58,41,30,25,37,12,58,38,59,63,65,87,66,Cloudy
50,23,53,62,26,61,19,46,41,59,50,48,72,97,Cloudy
43,53,66,52,44,53,25,40,20,78,49,44,85,104,Cloudy
7,2,102,92,70,0,9,19,13,16,25,22,90,78,Sunny
121,75,29,5,14,50,10,51,25,99,73,55,83,78,Rainy
123,67,12,29,19,78,8,53,44,107,93,53,76,79,Rainy
16,19,17,28,12,159,84,98,102,107,70,111,63,93,Cold
6,18,1,22,8,92,138,114,126,117,77,140,64,51,Cold
148,109,20,30,4,56,4,61,44,127,72,89,54,67,Rainy
149,110,17,21,4,65,2,40,33,126,105,75,60,89,Rainy
10,8,94,110,93,3,2,4,10,24,11,5,86,85,Sunny
7,0,130,115,74,15,4,4,13,27,37,9,52,51,Sunny
3,18,18,13,4,95,113,109,118,83,119,141,57,98,Cold
6,13,4,3,5,148,123,159,86,140,112,129,45,99,Cold
19,10,131,71,91,10,2,10,0,21,20,5,98,45,Sunny
49,28,42,32,46,40,33,59,46,66,79,76,99,102,Cloudy
126,65,5,27,12,54,8,46,39,74,63,86,60,57,Rainy
9,1,150,84,87,16,9,18,12,24,22,20,92,84,Sunny
17,13,16,6,10,90,116,152,125,146,123,116,61,54,Cold
4,8,148,73,106,12,4,15,5,25,13,16,51,74,Sunny
93,83,20,32,8,78,16,54,47,125,72,44,85,59,Rainy
127,89,9,9,8,52,4,59,23,137,98,70,55,91,Rainy
67,53,60,37,32,53,31,57,42,54,58,42,104,66,Cloudy
59,57,54,60,27,53,16,37,27,67,74,50,75,109,Cloudy
2,14,117,136,113,10,3,16,0,10,38,20,67,50,Sunny
51,45,68,37,31,55,30,66,26,64,68,44,109,70,Cloudy
113,98,26,9,11,73,11,66,36,124,69,53,43,91,Rainy
128,74,10,12,4,47,19,54,45,99,100,66,63,94,Rainy
4,13,104,146,85,14,7,8,1,10,10,23,83,46,Sunny
7,10,1,0,14,93,87,147,74,107,93,110,40,82,Cold
8,2,155,89,85,19,5,6,4,11,11,17,71,51,Sunny
19,3,146,76,69,17,5,4,9,15,19,22,71,63,Sunny
9,4,90,126,61,16,6,19,2,14,30,5,94,80,Sunny
26,10,106,83,82,15,7,5,11,24,18,14,60,48,Sunny
54,39,47,50,32,61,29,45,20,77,68,46,107,79,Cloudy
135,74,15,26,18,43,18,62,29,123,97,56,80,97,Rainy
88,87,26,36,0,53,3,65,24,75,78,89,52,81,Rainy
17,13,5,18,4,97,147,138,124,148,78,115,77,89,Cold
40,33,51,35,30,44,15,52,38,54,70,60,95,90,Cloudy
6,11,5,8,7,132,130,104,72,84,74,114,51,63,Cold
27,12,144,108,108,1,0,4,2,36,13,8,56,42,Sunny
8,6,99,143,102,12,5,13,2,19,27,24,79,46,Sunny
1,1,139,109,90,12,7,1,7,20,21,12,97,62,Sunny
40,56,56,52,42,68,32,37,34,52,69,69,82,109,Cloudy
0,11,9,13,13,97,90,93,92,142,133,94,60,73,Cold
0,14,123,101,76,5,2,5,1,27,34,13,78,48,Sunny
12,17,83,88,112,9,7,1,14,24,13,6,87,46,Sunny
105,71,21,32,12,58,11,46,41,115,74,54,73,83,Rainy
30,59,42,55,23,52,38,64,46,59,53,42,81,96,Cloudy
6,19,11,16,3,115,128,131,92,114,104,119,46,56,Cold
2,9,5,16,3,132,110,149,78,126,103,129,40,75,Cold
67,48,61,67,20,69,30,43,26,67,52,58,69,86,Cloudy
18,4,137,85,90,5,2,0,11,11,19,13,89,86,Sunny
4,13,119,70,80,19,6,18,8,11,38,11,86,71,Sunny
49,51,60,33,22,66,34,46,41,62,70,79,63,106,Cloudy
44,32,59,61,35,36,28,40,40,41,59,42,97,90,Cloudy
52,38,48,56,39,32,28,45,24,48,76,70,71,69,Cloudy
18,5,141,111,96,17,3,13,12,24,25,10,76,64,Sunny
45,40,40,61,44,56,36,43,40,51,61,42,107,74,Cloudy
4,18,9,13,10,104,139,122,121,144,97,100,76,94,Cold
67,21,44,43,41,50,34,58,46,58,55,52,89,70,Cloudy
59,57,56,53,29,32,30,48,47,45,46,51,109,108,Cloudy
36,33,58,68,29,52,17,36,23,58,74,70,104,108,Cloudy
84,83,11,13,19,46,16,50,25,88,108,76,89,56,Rainy
16,12,142,130,100,17,3,8,14,31,10,7,73,86,Sunny
88,98,11,37,0,55,1,69,41,83,90,80,63,96,Rainy
21,7,141,123,116,11,5,6,9,22,18,19,71,47,Sunny
9,7,118,79,92,6,9,4,1,26,10,22,54,66,Sunny
114,97,14,16,17,46,19,57,33,118,104,66,50,86,Rainy
26,17,137,94,68,14,4,10,5,12,23,22,73,45,Sunny
45,28,34,50,35,32,36,57,24,41,79,44,74,104,Cloudy
0,12,134,117,68,4,2,11,8,14,12,12,50,58,Sunny
64,31,58,34,38,32,25,35,48,63,69,60,61,80,Cloudy
15,15,121,70,111,9,1,2,14,37,28,8,60,82,Sunny
17,0,138,96,116,6,7,6,14,15,33,5,51,41,Sunny
59,24,69,36,43,48,15,65,26,43,47,67,84,85,Cloudy
50,41,62,56,48,63,33,65,41,64,69,67,62,87,Cloudy
49,59,40,53,24,32,14,40,41,54,71,70,74,62,Cloudy
139,66,11,35,19,62,0,42,29,118,71,42,49,76,Rainy
13,13,149,93,106,9,0,19,0,12,38,8,71,50,Sunny
141,119,5,24,19,70,5,50,31,75,109,66,83,79,Rainy
13,17,10,3,9,99,98,94,96,127,100,139,58,60,Cold
81,116,6,5,19,77,18,57,22,114,94,86,87,67,Rainy
10,0,3,4,0,160,140,106,127,121,97,146,66,67,Cold
9,7,16,26,10,128,82,90,85,148,102,135,45,63,Cold
17,3,5,10,9,95,148,151,72,143,88,131,64,93,Cold
27,7,85,121,92,11,8,2,2,32,28,6,50,41,Sunny
56,44,66,66,38,48,26,66,23,75,63,58,78,72,Cloudy
3,18,17,13,6,156,83,126,83,96,83,150,74,57,Cold
127,92,29,16,7,57,3,49,22,131,81,43,46,68,Rainy
4,7,2,22,7,142,95,112,127,141,137,91,53,54,Cold
39,45,62,60,23,56,25,48,21,63,66,70,76,75,Cloudy
2,18,93,118,61,7,2,11,10,13,11,22,93,70,Sunny
82,69,19,31,18,47,14,48,49,111,80,86,84,80,Rainy
34,49,36,34,37,63,20,37,43,78,62,76,77,84,Cloudy
4,16,149,82,69,4,6,16,13,30,17,8,98,42,Sunny
46,24,46,33,43,38,18,43,36,50,43,59,74,94,Cloudy
81,107,16,34,2,45,0,68,27,77,71,56,62,89,Rainy
59,56,39,32,28,32,26,56,23,65,50,55,107,78,Cloudy
142,71,25,35,13,73,16,67,36,85,102,89,79,64,Rainy
13,5,142,114,78,18,0,14,10,30,28,22,93,74,Sunny
94,115,17,36,7,55,13,50,30,97,108,80,82,68,Rainy
13,0,19,26,10,156,81,154,106,100,102,104,43,77,Cold
2,15,5,14,12,141,138,94,126,104,100,93,72,77,Cold
0,6,90,121,98,11,8,4,9,19,26,21,90,70,Sunny
6,8,17,10,13,109,99,158,99,89,73,148,75,68,Cold
31,44,36,65,22,45,11,41,24,58,67,48,109,67,Cloudy
5,1,4,28,14,99,115,90,82,86,88,98,52,91,Cold
128,107,14,25,7,52,16,30,47,136,78,49,80,73,Rainy
105,87,16,6,16,46,10,40,24,103,96,45,79,67,Rainy
15,10,0,14,8,110,146,149,74,118,97,144,70,52,Cold
34,46,48,61,20,48,39,41,25,56,72,43,102,72,Cloudy
96,89,12,35,18,79,8,31,21,99,77,67,61,71,Rainy
13,19,8,13,1,123,130,90,110,146,76,155,69,87,Cold
146,95,27,13,3,44,1,57,46,129,80,48,42,85,Rainy
24,4,156,131,85,18,8,17,3,31,21,13,55,57,Sunny
52,41,65,35,28,36,20,52,22,70,72,79,71,79,Cloudy
2,13,12,7,4,141,105,102,129,142,110,153,66,84,Cold
87,98,16,18,3,68,5,48,25,119,88,43,80,93,Rainy
104,112,17,15,10,72,15,57,35,114,76,46,85,75,Rainy
126,102,16,5,17,78,0,40,32,123,118,45,85,53,Rainy
3,3,6,10,14,143,108,157,125,108,115,97,78,84,Cold
16,7,137,127,70,5,3,10,0,12,30,23,90,57,Sunny
11,8,10,22,9,101,130,130,80,86,77,119,72,94,Cold
27,19,135,84,83,7,0,17,2,32,32,6,87,75,Sunny
9,9,109,91,68,0,6,8,12,28,13,18,97,89,Sunny
47,43,31,34,37,66,32,58,25,46,56,71,104,73,Cloudy
102,92,13,30,9,65,1,63,38,138,100,52,72,85,Rainy
51,35,43,61,31,41,35,43,31,43,61,70,89,102,Cloudy
32,35,57,49,35,46,18,44,36,62,63,47,74,72,Cloudy
25,10,159,143,100,15,7,15,2,24,16,21,93,84,Sunny
60,35,45,46,29,50,23,30,41,57,55,47,106,100,Cloudy
100,60,6,36,16,63,6,43,40,100,80,65,88,78,Rainy
35,53,63,35,20,53,37,52,44,69,49,74,108,63,Cloudy
115,110,21,14,9,44,10,48,22,82,66,52,43,64,Rainy
121,86,20,33,10,40,12,54,38,117,93,75,85,80,Rainy
3,4,113,110,68,2,7,13,7,13,18,10,99,65,Sunny
9,14,136,83,119,4,6,10,10,28,31,9,95,56,Sunny
39,50,53,33,27,35,35,58,49,44,61,45,86,65,Cloudy
43,59,55,43,45,32,38,34,22,65,68,64,89,70,Cloudy
138,67,27,33,16,51,11,51,34,119,95,62,83,88,Rainy
133,63,19,14,12,41,12,47,30,78,68,81,43,84,Rainy
11,2,13,7,4,120,142,92,113,136,86,155,54,96,Cold
84,117,14,39,3,50,4,56,26,84,82,88,83,67,Rainy
8,8,7,20,0,99,112,124,86,117,116,119,51,83,Cold
46,57,30,51,33,50,39,67,22,47,48,75,95,93,Cloudy
62,47,52,56,22,63,22,50,23,53,74,73,109,86,Cloudy
10,17,153,126,62,12,7,0,4,28,39,9,83,74,Sunny
16,16,12,10,12,92,82,98,89,105,119,110,67,62,Cold
28,17,142,102,67,3,9,3,7,26,28,21,94,88,Sunny
18,2,13,4,11,103,134,114,125,140,138,135,53,64,Cold
84,106,10,13,9,62,5,38,20,79,95,68,51,75,Rainy
54,57,66,57,35,60,21,51,31,61,42,43,92,64,Cloudy
27,16,157,138,85,15,5,5,3,37,28,6,50,88,Sunny
62,31,40,50,27,31,39,31,47,43,70,49,61,94,Cloudy
101,60,20,33,0,51,16,37,24,91,96,44,67,84,Rainy
15,11,121,76,104,0,9,11,1,36,34,13,77,81,Sunny
0,13,1,8,13,150,129,113,97,138,133,120,40,96,Cold
11,17,4,1,5,152,114,152,72,109,86,130,75,72,Cold
82,114,29,19,11,48,3,54,30,119,70,43,69,75,Rainy
1,5,5,17,10,92,99,127,87,117,115,116,72,61,Cold
29,3,98,147,98,11,2,0,1,21,11,9,50,44,Sunny
3,12,93,133,85,7,1,7,11,18,32,17,81,65,Sunny
105,70,16,37,5,49,15,52,40,101,119,55,56,84,Rainy
64,58,34,51,49,36,11,60,46,58,76,61,78,71,Cloudy
1,15,12,17,13,162,85,134,107,92,103,104,73,92,Cold
5,15,11,23,10,99,87,112,97,139,86,153,49,57,Cold
11,5,2,10,7,150,135,90,121,125,73,102,72,90,Cold
11,3,86,109,106,7,4,17,10,12,13,14,96,63,Sunny
20,8,111,104,110,1,8,11,6,37,21,11,79,45,Sunny
131,117,11,18,13,61,13,59,23,101,68,85,54,64,Rainy
24,8,106,145,113,16,1,1,12,36,16,21,71,47,Sunny
2,15,2,4,14,116,86,131,110,126,84,144,71,50,Cold
9,5,2,7,8,118,127,145,103,93,135,140,56,76,Cold
9,0,127,91,80,17,1,0,1,28,23,22,54,74,Sunny
142,70,29,19,8,77,19,46,37,137,66,70,71,58,Rainy
56,49,62,41,45,56,23,63,48,77,45,68,71,94,Cloudy
46,23,60,50,41,68,12,61,40,63,70,48,62,93,Cloudy
30,25,33,64,33,47,24,48,46,64,41,60,70,76,Cloudy
17,1,9,27,2,158,109,110,106,114,106,148,62,95,Cold
43,56,30,49,43,57,12,54,43,63,52,55,100,85,Cloudy
43,38,44,57,36,49,18,49,45,69,68,49,72,69,Cloudy
7,10,10,5,2,138,97,142,81,121,120,115,77,71,Cold
11,5,11,7,3,160,118,124,109,94,127,117,50,53,Cold
9,12,101,139,103,16,3,13,8,37,31,22,92,51,Sunny
4,8,109,98,111,9,6,2,10,24,25,19,58,76,Sunny
51,52,48,62,32,68,29,62,39,59,74,77,79,93,Cloudy
134,85,19,23,3,74,8,68,30,112,93,77,85,65,Rainy
121,72,7,38,6,69,12,49,31,78,100,86,57,82,Rainy
56,35,65,44,28,52,15,43,25,59,49,57,75,73,Cloudy
7,17,5,6,1,133,118,140,73,81,136,159,41,92,Cold
61,45,60,67,37,61,20,63,28,65,44,47,80,61,Cloudy
26,15,108,120,79,4,2,13,0,32,23,20,77,41,Sunny
37,47,45,63,27,50,22,40,49,65,42,55,86,66,Cloudy
5,0,18,4,5,115,140,129,71,105,83,103,62,55,Cold
50,29,41,35,36,34,31,42,35,68,53,47,61,97,Cloudy
6,15,126,83,79,8,4,19,11,15,21,18,93,45,Sunny
4,12,137,90,94,8,9,7,8,19,11,6,60,67,Sunny
14,13,110,146,111,19,7,17,1,20,14,14,59,84,Sunny
5,5,16,27,1,114,126,128,87,146,73,105,48,57,Cold
49,47,53,67,38,32,31,63,48,49,61,40,83,61,Cloudy
4,5,8,6,14,155,132,93,94,128,114,107,70,93,Cold
41,54,59,61,48,56,31,67,24,41,43,63,79,83,Cloudy
50,28,58,63,28,45,14,64,47,61,74,52,91,106,Cloudy
7,16,15,28,7,163,147,101,101,122,99,145,77,50,Cold
16,4,7,16,7,126,138,110,110,147,127,122,43,59,Cold
81,98,10,31,19,50,12,34,44,131,109,41,70,84,Rainy
40,58,48,33,40,32,24,46,43,78,75,54,101,104,Cloudy
112,83,24,31,10,77,16,56,41,106,69,88,66,56,Rainy
80,66,15,12,18,75,15,51,20,122,119,79,65,56,Rainy
61,59,56,31,25,58,27,62,36,68,61,47,78,70,Cloudy
47,59,48,61,43,44,19,45,49,49,70,40,83,79,Cloudy
24,5,111,79,86,16,8,9,2,13,31,21,99,64,Sunny
43,28,48,52,46,62,23,62,21,46,58,75,91,102,Cloudy
17,7,131,105,82,16,0,2,9,25,32,18,51,72,Sunny
14,17,156,146,93,14,5,14,13,20,25,12,96,73,Sunny
144,90,8,16,18,46,11,69,28,93,104,79,81,78,Rainy
33,56,64,41,32,68,16,49,24,47,77,45,71,89,Cloudy
6,14,18,15,10,157,119,122,126,145,84,153,77,79,Cold
2,9,0,14,9,96,99,98,109,142,79,157,68,82,Cold
18,3,80,125,116,9,2,12,14,21,37,21,78,88,Sunny
9,6,12,25,10,121,110,109,83,104,71,148,67,77,Cold
25,13,115,79,68,11,9,4,13,28,13,19,59,82,Sunny
131,85,29,9,7,46,14,59,22,137,65,53,48,74,Rainy
94,73,25,10,3,71,1,32,33,117,107,44,48,61,Rainy
69,35,46,69,26,67,30,51,38,44,77,79,109,74,Cloudy
16,0,16,2,4,98,121,103,82,105,128,134,61,88,Cold
126,64,24,19,10,58,11,65,33,88,102,77,87,63,Rainy
28,9,135,72,98,2,8,17,3,24,26,10,64,65,Sunny
40,59,30,63,35,37,27,38,21,57,59,47,77,80,Cloudy
66,57,30,39,46,46,37,35,24,68,63,72,73,82,Cloudy
102,115,21,26,9,74,0,50,30,135,77,75,40,98,Rainy
34,41,63,34,47,65,22,60,42,58,70,66,102,82,Cloudy
57,42,33,42,34,40,31,54,39,78,63,43,94,102,Cloudy
54,29,42,51,41,46,27,66,41,54,79,46,71,101,Cloudy
3,14,3,23,0,141,96,132,86,126,134,142,61,55,Cold
15,16,142,104,112,17,8,4,1,37,38,16,53,62,Sunny
7,2,100,110,69,4,2,1,9,23,26,23,65,43,Sunny
65,27,62,38,38,40,24,42,27,58,56,52,95,89,Cloudy
14,5,10,11,3,144,126,96,127,140,103,150,77,86,Cold
57,58,38,59,43,43,23,33,41,46,47,77,80,75,Cloudy
31,55,32,34,46,55,14,37,31,68,42,71,88,100,Cloudy
0,12,0,19,8,117,130,144,93,113,138,132,69,85,Cold
3,13,86,72,78,14,9,15,8,36,19,15,92,83,Sunny
18,17,9,27,0,125,93,98,122,142,104,146,58,81,Cold
56,40,30,47,49,60,11,42,21,73,52,59,70,72,Cloudy
113,76,10,32,13,70,2,32,30,136,71,70,72,94,Rainy
68,29,37,62,26,41,25,63,37,54,63,78,60,93,Cloudy
8,16,0,11,2,117,108,150,95,83,115,125,77,76,Cold
62,27,31,55,23,50,17,51,47,50,65,46,81,100,Cloudy
1,4,5,27,2,121,115,135,124,85,134,125,71,68,Cold
53,49,67,68,45,38,13,44,45,43,40,74,80,106,Cloudy
131,74,14,39,12,50,18,45,36,76,103,84,64,64,Rainy
133,100,27,14,18,69,4,58,46,133,112,71,60,73,Rainy
87,77,17,6,14,51,12,58,26,98,69,62,67,98,Rainy
81,108,6,8,0,69,12,35,39,94,109,66,62,68,Rainy
19,16,117,93,99,2,8,1,6,23,10,5,56,82,Sunny
4,2,9,25,12,162,97,102,82,128,89,148,57,90,Cold
134,63,28,6,14,78,18,30,39,131,95,74,47,70,Rainy
8,5,111,138,110,9,9,18,7,34,36,13,56,81,Sunny
35,24,47,64,22,45,24,62,21,56,54,41,74,92,Cloudy
42,57,61,54,42,32,27,34,49,44,41,76,107,79,Cloudy
146,93,7,33,15,53,4,55,30,133,88,51,60,72,Rainy
42,29,52,35,29,59,25,50,31,79,64,40,103,71,Cloudy
8,18,113,118,112,6,0,7,3,34,10,21,54,50,Sunny
17,13,3,16,3,97,148,156,97,126,84,105,78,87,Cold
21,5,145,79,90,18,4,1,1,20,11,19,50,74,Sunny
107,70,7,39,5,48,11,63,25,131,97,74,71,82,Rainy
17,10,117,146,94,9,1,2,12,25,34,5,82,64,Sunny
38,37,49,43,34,64,20,42,21,63,54,62,105,101,Cloudy
39,38,54,36,43,60,23,46,35,40,61,49,79,62,Cloudy
114,72,16,9,18,58,8,46,28,95,65,52,66,84,Rainy
143,81,20,39,6,48,15,46,41,95,108,52,46,74,Rainy
102,70,17,12,1,51,6,50,26,117,88,62,60,65,Rainy
92,101,17,24,19,43,15,36,23,107,96,63,83,82,Rainy
22,16,145,73,109,9,9,12,4,29,33,17,55,43,Sunny
33,22,35,46,47,66,10,37,45,64,41,70,103,71,Cloudy
43,34,49,50,38,49,33,34,39,61,43,50,80,102,Cloudy
28,4,96,148,110,5,5,13,14,31,14,6,86,45,Sunny
45,55,52,30,31,68,31,68,46,44,57,66,76,100,Cloudy
18,10,14,11,2,145,144,159,89,122,114,121,72,73,Cold
110,113,19,5,4,55,14,38,36,81,67,60,75,98,Rainy
16,1,13,23,3,143,117,144,127,88,82,114,59,60,Cold
7,10,4,13,2,103,136,96,128,89,112,146,46,96,Cold
0,10,13,6,7,161,85,104,125,97,126,121,63,56,Cold
11,13,6,24,10,99,116,136,76,125,94,145,48,86,Cold
7,8,110,145,103,3,5,18,10,29,14,18,56,51,Sunny
14,10,18,12,6,105,132,105,98,120,101,123,68,53,Cold
10,18,81,134,78,13,3,3,9,30,23,10,68,52,Sunny
7,7,112,105,75,4,0,7,1,17,17,8,52,73,Sunny
97,80,7,11,1,67,16,44,30,86,74,89,80,77,Rainy
49,30,62,43,27,66,13,67,31,51,72,51,81,100,Cloudy
44,42,62,55,28,31,36,53,26,45,74,42,81,109,Cloudy
7,3,6,19,4,127,148,126,119,144,105,149,46,71,Cold
28,0,100,108,96,3,0,11,11,16,34,20,87,66,Sunny
55,31,35,36,44,36,18,39,38,46,72,41,81,95,Cloudy
0,2,19,12,10,156,129,93,99,98,82,102,47,63,Cold
25,14,88,145,114,1,0,17,12,19,31,10,90,60,Sunny
9,19,5,8,4,149,138,98,76,141,81,97,61,97,Cold
64,59,42,50,31,50,34,68,24,79,48,62,66,73,Cloudy
45,29,55,62,38,30,39,37,48,40,56,61,94,106,Cloudy
10,15,15,23,13,141,145,117,99,135,123,98,71,99,Cold
23,0,151,95,101,10,6,8,8,28,13,7,81,57,Sunny
19,10,100,144,114,8,1,15,1,13,30,10,91,79,Sunny
85,115,6,29,8,43,3,67,33,102,108,79,52,68,Rainy
128,85,24,32,14,78,6,30,25,83,101,88,57,79,Rainy
53,51,41,49,22,53,31,35,32,41,61,47,81,64,Cloudy
39,46,52,63,35,32,22,53,32,54,75,55,65,98,Cloudy
8,2,10,19,13,99,115,142,80,125,93,117,62,56,Cold
2,19,11,8,7,136,142,92,112,132,118,116,75,78,Cold
52,45,54,41,49,51,11,54,47,72,48,40,86,70,Cloudy
25,17,120,93,61,18,1,5,0,30,39,20,51,53,Sunny
8,3,137,149,117,5,6,5,5,29,38,5,86,40,Sunny
36,41,55,54,32,51,18,37,32,61,56,68,94,91,Cloudy
100,87,16,18,18,62,5,34,30,74,72,58,85,62,Rainy
27,10,98,140,97,10,8,6,14,38,27,16,74,70,Sunny
2,8,4,15,10,122,107,93,89,84,131,101,48,78,Cold
11,11,13,10,2,100,131,120,107,114,124,121,41,67,Cold
51,33,62,69,36,32,25,60,34,69,50,51,85,62,Cloudy
0,13,12,4,12,130,82,134,104,97,72,130,75,69,Cold
36,55,51,54,47,41,17,57,33,61,67,58,67,63,Cloudy
19,16,3,24,12,161,88,107,84,134,97,107,44,54,Cold
19,11,99,78,90,19,7,12,7,37,23,22,78,76,Sunny
122,115,22,14,9,78,16,32,33,95,72,49,63,91,Rainy
8,19,15,20,3,157,123,105,71,89,99,138,68,62,Cold
4,13,2,0,11,100,95,149,88,103,86,129,76,60,Cold
148,76,7,29,12,68,15,47,24,107,102,57,76,55,Rainy
146,102,7,18,15,48,9,34,49,112,106,64,69,73,Rainy
39,49,44,52,46,45,17,38,44,77,57,60,106,101,Cloudy
83,115,27,21,0,77,19,68,40,84,104,47,51,74,Rainy
63,31,64,64,40,67,28,58,36,62,79,41,93,76,Cloudy
9,17,140,89,69,9,1,2,7,25,20,17,63,66,Sunny
36,33,60,43,30,58,32,62,24,49,66,77,73,60,Cloudy
1,7,3,19,8,145,143,129,71,134,97,131,79,56,Cold
9,10,119,109,99,12,7,10,6,30,17,17,69,87,Sunny
101,75,7,14,7,61,10,43,34,132,97,55,81,56,Rainy
22,10,98,109,118,0,5,7,13,25,28,18,74,46,Sunny
0,8,11,5,11,145,143,150,96,133,123,120,53,91,Cold
15,6,126,145,99,9,2,14,12,32,11,6,73,76,Sunny
16,3,121,128,74,6,0,19,10,34,10,16,79,61,Sunny
5,9,7,28,6,127,117,101,98,98,120,148,52,70,Cold
18,10,95,92,110,10,7,6,10,15,36,17,91,77,Sunny
105,118,21,19,11,60,13,53,20,92,60,79,82,85,Rainy
1,2,5,4,3,144,99,90,111,96,77,151,58,57,Cold
0,6,11,25,2,112,149,112,95,110,72,136,75,57,Cold
16,6,18,17,2,152,95,132,118,116,105,109,47,98,Cold
66,22,44,45,42,67,27,44,31,78,58,57,60,100,Cloudy
17,3,133,83,79,10,3,13,6,33,31,6,82,77,Sunny
15,5,15,21,11,93,148,118,125,125,135,119,55,81,Cold
18,8,111,138,102,9,9,13,1,27,29,19,72,87,Sunny
110,71,5,24,1,70,13,55,37,123,74,77,49,80,Rainy
83,73,15,8,3,62,0,31,26,94,107,44,61,82,Rainy
108,69,10,38,13,58,14,52,25,98,109,76,44,66,Rainy
24,0,113,130,117,5,2,13,5,36,23,5,99,59,Sunny
9,14,0,11,11,109,107,123,91,147,98,126,73,62,Cold
8,11,18,22,11,116,124,145,88,82,105,115,71,92,Cold
2,17,17,27,1,99,99,128,93,139,112,125,74,85,Cold
99,60,25,21,4,61,9,60,37,110,85,42,80,85,Rainy
30,21,40,43,36,36,11,30,41,70,66,77,62,93,Cloudy
118,81,26,10,4,41,15,59,43,129,102,71,49,53,Rainy
11,7,13,22,1,107,118,127,113,116,87,143,73,67,Cold
43,33,56,43,36,54,16,68,45,61,44,45,60,85,Cloudy
56,30,52,67,46,37,28,67,21,72,58,72,98,79,Cloudy
129,84,29,19,14,78,15,68,25,129,100,48,59,85,Rainy
36,30,45,47,42,39,15,40,39,70,69,40,97,102,Cloudy
41,56,62,64,20,62,39,65,22,55,69,53,71,95,Cloudy
33,46,43,39,42,68,17,59,46,59,68,70,70,64,Cloudy
5,11,15,1,2,136,103,106,107,138,134,132,67,58,Cold
106,75,19,38,15,50,9,36,39,118,93,55,73,67,Rainy
17,14,14,17,11,91,134,146,95,113,115,94,52,97,Cold
3,13,15,13,0,99,145,108,94,94,79,147,78,71,Cold
82,116,25,29,7,41,5,48,39,99,101,84,83,68,Rainy
35,30,64,51,36,31,25,48,44,79,44,70,96,80,Cloudy
48,54,54,69,45,44,18,58,20,78,50,53,84,86,Cloudy
30,52,65,46,29,67,28,68,33,54,72,49,94,82,Cloudy
0,12,14,21,2,114,88,134,92,146,97,142,51,72,Cold
8,10,14,6,1,154,101,149,114,141,139,132,65,90,Cold
11,15,8,20,0,119,125,90,100,104,74,157,72,86,Cold
10,1,0,21,0,107,104,130,116,122,73,90,46,51,Cold
140,97,14,13,17,57,11,34,38,89,69,89,85,93,Rainy
6,16,12,6,0,98,94,111,114,135,79,97,42,88,Cold
20,8,154,121,76,19,3,12,3,15,16,8,69,83,Sunny
17,17,151,99,90,19,6,19,10,39,12,11,87,72,Sunny
145,80,9,11,15,53,10,37,36,92,79,71,40,86,Rainy
17,10,4,25,8,116,143,155,77,149,70,118,74,71,Cold
11,0,18,20,14,159,107,97,90,94,118,137,49,88,Cold
10,2,12,15,10,167,87,101,113,84,117,112,67,64,Cold
123,67,11,13,3,69,2,47,31,109,105,58,85,63,Rainy
143,75,17,16,13,58,14,66,29,117,88,86,47,84,Rainy
41,53,69,62,33,67,36,30,37,47,75,67,86,104,Cloudy
55,34,46,38,35,34,29,38,39,65,79,44,102,87,Cloudy
5,18,159,76,106,3,7,2,1,33,21,19,55,52,Sunny
5,10,124,148,110,3,4,2,13,36,25,13,90,64,Sunny
111,80,29,12,17,59,19,32,28,81,116,46,60,81,Rainy
23,4,122,105,83,10,3,18,13,28,14,20,91,76,Sunny
0,0,1,16,3,95,136,151,99,111,125,117,59,63,Cold
145,72,19,6,5,47,8,56,44,91,101,75,63,59,Rainy
14,16,2,2,5,112,97,101,113,103,94,146,68,78,Cold
146,78,8,20,17,61,7,66,33,109,110,66,46,62,Rainy
64,42,67,53,42,34,37,62,39,73,45,48,99,66,Cloudy
28,7,139,101,82,4,9,3,6,17,32,24,87,81,Sunny
64,48,65,34,49,59,36,42,40,75,53,40,91,91,Cloudy
9,4,1,10,10,127,137,147,106,127,89,90,54,92,Cold
16,18,3,11,5,164,102,107,73,97,95,99,71,59,Cold
11,3,142,123,86,1,1,11,4,26,39,15,66,80,Sunny
19,15,6,4,11,151,137,140,81,125,96,149,53,97,Cold
45,39,60,33,42,42,15,39,34,43,72,75,94,107,Cloudy
100,68,6,5,16,45,15,37,36,100,88,51,44,85,Rainy
27,5,149,106,85,17,9,6,14,17,12,18,53,73,Sunny
60,54,62,52,47,30,28,57,30,42,44,67,101,99,Cloudy
19,19,0,20,9,113,124,109,114,132,96,114,75,58,Cold
6,18,133,87,72,3,0,15,0,11,22,13,66,80,Sunny
37,21,56,34,22,36,31,58,21,44,40,71,93,99,Cloudy
93,71,20,12,11,72,11,61,24,130,72,86,54,54,Rainy
59,39,48,58,33,69,22,31,23,64,60,67,70,75,Cloudy
140,114,23,23,4,46,0,64,31,77,101,62,75,85,Rainy
1,2,13,0,6,100,82,102,110,96,137,92,75,77,Cold
53,25,50,36,28,52,14,37,23,70,57,74,92,87,Cloudy
39,47,59,53,40,53,29,42,20,70,62,56,80,86,Cloudy
9,2,7,27,12,147,89,124,103,146,78,136,52,57,Cold
40,43,39,39,25,44,25,46,41,76,77,76,72,69,Cloudy
31,49,45,60,44,37,23,56,35,75,66,52,87,82,Cloudy
3,7,13,9,11,103,107,141,97,130,135,123,74,58,Cold
8,12,136,74,71,4,7,14,3,21,34,16,57,89,Sunny
53,49,62,61,21,32,17,64,28,52,57,41,76,82,Cloudy
15,9,4,23,10,134,117,125,113,121,118,156,58,92,Cold
110,78,20,26,19,44,8,39,38,71,77,62,76,58,Rainy
13,7,5,26,12,168,89,148,104,134,81,129,73,54,Cold
5,12,94,117,109,11,5,16,7,37,12,17,74,89,Sunny
3,3,17,20,4,150,144,125,108,88,133,110,63,87,Cold
3,18,19,11,1,114,134,134,72,135,83,113,67,77,Cold
43,26,61,35,33,54,35,38,38,43,73,55,108,73,Cloudy
93,82,8,24,14,44,12,37,39,136,61,67,65,83,Rainy
63,43,62,63,29,56,33,54,28,60,66,59,62,96,Cloudy
25,1,136,71,81,0,1,18,0,22,29,5,74,48,Sunny
8,2,105,94,88,6,2,15,14,18,11,10,84,79,Sunny
66,59,51,50,23,59,23,54,25,77,70,52,89,85,Cloudy
14,17,149,75,116,9,6,16,4,34,18,12,64,48,Sunny
13,4,15,8,12,107,110,139,96,148,90,120,53,56,Cold
93,110,11,13,0,49,7,54,20,98,98,61,83,54,Rainy
26,12,132,131,94,13,3,15,8,17,25,21,57,71,Sunny
59,58,49,62,29,44,21,65,27,55,70,68,70,93,Cloudy
48,29,49,50,27,57,25,51,31,72,64,40,87,103,Cloudy
112,76,25,5,7,76,8,46,33,97,85,67,81,69,Rainy
66,56,33,55,26,40,19,61,23,51,69,74,85,71,Cloudy
14,10,107,79,94,14,7,15,13,22,26,14,88,43,Sunny
16,8,15,25,5,167,137,108,98,101,109,101,70,87,Cold
7,10,9,10,2,109,95,118,98,106,86,93,57,70,Cold
31,40,31,41,41,52,36,32,48,71,52,45,69,101,Cloudy
12,5,8,28,9,155,144,137,120,80,95,102,48,87,Cold
11,12,6,19,13,145,84,109,105,89,97,114,46,58,Cold
128,66,24,38,6,51,7,36,46,74,106,43,83,57,Rainy
46,22,63,51,42,30,37,62,38,59,61,73,94,83,Cloudy
4,12,9,17,6,126,90,108,114,136,70,124,60,76,Cold
64,34,30,65,40,62,37,48,32,72,53,45,79,74,Cloudy
7,1,15,16,4,110,149,98,107,142,106,139,44,69,Cold
7,6,16,8,3,129,147,150,90,81,71,124,47,52,Cold
42,41,41,46,32,58,12,57,24,57,41,53,106,84,Cloudy
56,32,67,41,41,54,28,53,48,75,53,49,73,74,Cloudy
143,84,26,22,5,58,19,69,40,72,116,42,87,70,Rainy
66,23,36,40,32,58,19,36,23,61,45,68,97,100,Cloudy
22,10,122,92,60,0,3,13,8,31,35,18,53,48,Sunny
6,6,159,123,88,2,5,15,7,23,11,11,99,80,Sunny
16,4,6,26,11,164,123,130,117,109,108,105,70,89,Cold
0,15,15,20,6,122,84,107,99,87,73,157,68,58,Cold
92,92,24,22,13,57,11,57,37,133,73,73,83,54,Rainy
56,31,53,53,47,59,23,62,28,64,65,73,73,103,Cloudy
31,35,32,41,33,59,31,61,20,53,40,78,63,92,Cloudy
119,70,25,38,15,61,3,43,21,84,104,41,82,99,Rainy
17,14,91,101,108,13,6,9,6,16,21,7,91,76,Sunny
24,4,105,134,96,3,3,8,3,26,39,5,77,55,Sunny
89,77,6,25,12,64,14,54,37,94,66,89,40,86,Rainy
100,110,18,29,4,68,15,36,44,84,93,76,51,86,Rainy
13,13,139,77,87,3,3,14,11,25,18,9,70,61,Sunny
17,12,16,8,13,145,129,111,123,85,72,135,67,87,Cold
1,13,7,3,14,121,114,109,77,86,139,116,77,95,Cold
84,108,10,38,16,60,0,33,37,121,74,46,59,86,Rainy
3,11,8,19,6,152,82,159,120,94,124,150,62,87,Cold
57,25,61,48,21,40,38,62,23,57,73,67,102,109,Cloudy
86,113,12,12,17,52,2,53,45,96,61,74,76,86,Rainy
10,1,16,29,13,160,141,126,73,135,99,144,53,90,Cold
18,15,14,22,3,144,85,152,110,91,82,143,73,57,Cold
9,18,0,6,3,92,112,110,93,91,88,116,57,80,Cold
33,23,63,42,49,33,18,36,23,64,79,58,93,78,Cloudy
14,10,18,6,5,162,131,122,83,81,135,149,67,53,Cold
145,90,12,32,13,42,0,38,20,72,60,56,67,66,Rainy
52,23,51,69,43,67,38,53,30,69,61,69,73,106,Cloudy
21,9,139,146,91,18,9,15,0,35,18,10,71,57,Sunny
16,8,17,11,13,166,138,144,70,125,105,155,52,52,Cold
10,14,3,11,5,166,87,118,89,123,80,144,74,80,Cold
2,1,13,7,4,162,88,133,128,116,70,124,51,57,Cold
52,29,37,30,32,58,20,69,34,51,52,68,82,99,Cloudy
17,10,5,0,2,148,141,151,104,106,126,100,40,89,Cold
9,12,8,26,14,132,121,112,91,126,127,139,61,81,Cold
149,99,13,14,9,50,7,62,47,124,86,73,79,91,Rainy
5,5,4,7,6,109,113,148,129,80,83,125,56,94,Cold
8,2,121,73,96,16,2,13,13,19,38,10,62,44,Sunny
26,10,83,93,68,14,5,15,10,35,11,13,89,44,Sunny
48,38,45,45,20,63,23,59,26,74,60,62,64,75,Cloudy
17,0,14,13,11,106,124,143,86,134,110,139,48,88,Cold
139,113,24,15,4,60,1,33,22,114,93,79,63,87,Rainy
7,18,0,26,9,110,103,148,96,92,107,92,79,53,Cold
4,16,19,4,7,145,110,117,126,104,93,99,46,93,Cold
10,14,12,16,3,149,125,154,75,91,89,135,42,77,Cold
11,8,155,128,78,6,9,11,9,14,21,7,50,65,Sunny
19,11,93,149,92,16,8,6,10,15,28,7,78,52,Sunny
81,105,8,11,7,60,12,32,35,92,61,54,56,88,Rainy
7,7,117,107,111,10,8,0,1,37,21,16,60,40,Sunny
51,52,39,45,28,62,16,41,22,68,68,59,94,61,Cloudy
23,15,104,80,82,15,5,2,9,13,19,21,67,82,Sunny
40,55,59,58,22,52,11,41,22,67,74,51,70,71,Cloudy
11,3,18,15,6,115,87,111,70,142,98,115,76,88,Cold
9,12,5,11,3,159,91,137,72,90,71,142,44,97,Cold
34,30,59,66,20,64,30,55,21,64,58,50,96,70,Cloudy
52,27,58,54,29,30,28,49,41,46,65,45,75,105,Cloudy
51,57,56,62,31,68,26,62,41,56,41,60,71,105,Cloudy
47,45,64,54,48,69,24,49,30,57,44,58,109,70,Cloudy
25,3,144,135,89,15,1,13,11,19,36,18,72,40,Sunny
68,56,63,42,22,33,20,66,33,53,54,44,88,64,Cloudy
7,10,100,149,117,14,6,12,3,31,35,10,52,63,Sunny
29,3,81,107,99,18,2,1,2,36,36,13,81,40,Sunny
19,17,18,9,11,167,133,131,100,101,89,113,75,82,Cold
16,7,11,29,7,104,96,153,129,112,91,140,74,80,Cold
148,80,7,5,11,60,10,60,35,106,73,46,53,95,Rainy
0,18,7,28,2,155,81,135,104,139,78,104,62,84,Cold
49,43,67,38,21,48,28,44,48,79,53,58,60,74,Cloudy
60,33,31,45,28,52,30,48,45,61,57,41,84,104,Cloudy
30,45,47,43,30,54,16,48,34,72,50,66,73,76,Cloudy
65,24,69,44,43,62,34,58,47,45,61,59,66,64,Cloudy
2,11,145,70,115,11,0,10,10,28,33,17,98,73,Sunny
115,88,14,15,5,53,19,49,36,112,109,44,51,58,Rainy
7,18,19,26,8,109,86,145,81,98,117,136,56,70,Cold
31,47,36,46,38,38,17,54,49,76,46,46,82,87,Cloudy
142,90,12,5,13,48,5,39,29,138,75,64,75,52,Rainy
10,11,141,127,61,2,2,2,0,39,32,7,56,45,Sunny
19,10,14,14,1,117,95,142,70,87,76,98,58,58,Cold
82,103,9,28,15,53,8,66,30,73,61,87,75,91,Rainy
48,51,48,46,49,66,17,51,49,41,59,77,83,101,Cloudy
107,111,29,26,8,45,11,62,37,106,87,45,67,51,Rainy
48,55,34,59,36,60,37,50,37,79,79,40,61,71,Cloudy
3,1,15,6,0,127,99,100,76,120,117,133,47,72,Cold
119,110,12,38,4,53,13,57,32,98,68,78,73,83,Rainy
122,106,27,9,15,65,19,39,41,132,72,73,48,62,Rainy
2,6,148,148,101,4,1,16,10,39,27,7,58,81,Sunny
53,41,32,61,29,38,16,48,37,44,58,79,84,92,Cloudy
6,7,11,24,11,136,98,156,82,115,92,146,53,66,Cold
13,9,5,0,13,147,102,105,113,106,122,156,60,93,Cold
17,13,16,16,11,126,143,121,117,103,137,122,63,86,Cold
119,106,9,38,18,40,6,50,48,80,95,63,86,71,Rainy
86,65,10,32,8,67,8,37,22,89,71,85,57,67,Rainy
19,14,120,109,63,0,9,7,1,23,12,13,80,81,Sunny
66,39,45,60,47,67,38,57,26,76,65,64,61,87,Cloudy
0,12,18,3,9,158,88,110,82,119,75,149,46,72,Cold
94,79,5,11,18,56,4,46,33,105,119,69,46,54,Rainy
8,19,139,113,81,12,7,3,2,34,18,22,53,66,Sunny
115,115,17,29,17,48,14,55,49,76,75,89,61,56,Rainy
8,12,124,96,61,1,3,1,7,27,10,7,50,41,Sunny
20,0,118,135,61,2,3,10,8,30,19,12,85,46,Sunny
81,108,5,13,11,67,18,35,34,100,95,56,50,77,Rainy
17,8,5,19,3,144,108,151,115,115,137,109,78,58,Cold
9,16,5,28,7,147,84,145,115,127,108,134,50,54,Cold
23,4,158,91,118,19,7,5,5,21,12,8,51,81,Sunny
116,100,19,5,4,75,0,47,20,106,96,53,83,62,Rainy
12,4,10,11,2,149,95,144,76,124,79,113,63,70,Cold
0,12,15,26,14,150,110,94,97,139,104,125,64,79,Cold
43,29,60,45,27,63,28,59,41,41,73,42,103,95,Cloudy
15,9,9,23,11,169,141,142,113,137,95,122,67,51,Cold
14,12,15,18,14,169,106,132,78,143,126,93,75,75,Cold
21,7,108,100,103,12,1,2,5,17,10,6,77,76,Sunny
28,15,152,71,111,10,8,10,10,30,11,8,94,79,Sunny
94,96,27,37,16,48,15,53,42,103,68,60,44,61,Rainy
10,19,11,27,14,91,122,145,107,111,85,137,41,63,Cold
66,51,49,30,23,48,14,37,36,52,63,71,99,74,Cloudy
40,28,69,56,30,47,39,32,37,47,52,59,61,89,Cloudy
15,9,126,117,95,18,0,1,13,14,35,14,87,56,Sunny
1,18,8,3,2,142,122,144,99,92,132,137,60,67,Cold
36,48,48,39,32,40,16,37,36,73,69,57,85,60,Cloudy
12,6,0,12,3,117,113,131,101,136,94,144,70,50,Cold
62,27,34,53,31,43,16,33,45,54,40,56,99,98,Cloudy
119,91,19,21,17,73,16,32,29,132,105,71,62,56,Rainy
8,17,94,112,108,10,6,13,14,16,23,17,63,57,Sunny
16,0,19,9,9,161,116,103,70,97,74,96,41,55,Cold
3,15,14,10,8,124,121,110,73,129,80,157,52,61,Cold
64,36,64,32,32,60,37,64,21,69,77,64,94,97,Cloudy
30,20,55,62,42,60,22,36,47,51,74,76,95,78,Cloudy
9,14,10,23,14,156,91,122,84,86,121,116,46,90,Cold
69,34,57,32,39,56,37,59,39,54,77,74,66,80,Cloudy
6,13,111,104,77,2,1,7,7,21,37,6,58,80,Sunny
128,76,26,34,8,70,0,40,47,125,87,53,42,99,Rainy
3,1,11,7,10,119,121,136,103,93,84,129,72,86,Cold
35,49,66,38,47,51,28,54,21,66,43,49,76,74,Cloudy
29,10,88,95,60,9,6,0,5,30,27,22,54,45,Sunny
134,112,18,7,1,72,18,31,34,74,117,44,47,73,Rainy
26,16,157,107,90,11,0,16,12,30,16,18,90,71,Sunny
88,110,17,24,11,54,9,31,22,85,62,77,52,70,Rainy
108,111,12,25,0,41,1,68,44,84,95,54,86,73,Rainy
4,14,15,19,4,109,114,158,114,137,70,109,61,71,Cold
58,57,44,60,25,66,24,60,33,56,75,61,108,72,Cloudy
15,2,0,19,10,150,100,119,90,129,122,129,72,65,Cold
16,0,145,111,60,19,5,12,12,11,21,12,68,62,Sunny
16,2,7,28,12,98,81,125,95,121,88,149,41,70,Cold
119,116,24,26,6,67,8,40,23,103,87,65,75,52,Rainy
14,0,14,3,8,133,137,129,80,138,114,132,40,79,Cold
38,23,31,66,22,46,24,53,46,40,49,67,87,81,Cloudy
46,22,32,61,41,44,11,57,45,74,54,62,92,84,Cloudy
2,19,84,97,90,4,0,8,7,17,13,16,96,58,Sunny
15,7,18,13,5,167,116,110,76,121,102,99,50,84,Cold
4,14,12,24,10,110,103,138,106,95,113,143,68,93,Cold
51,52,35,57,32,59,31,49,22,51,45,63,99,80,Cloudy
12,9,2,5,7,152,99,129,87,115,123,118,75,54,Cold
60,34,66,56,48,38,31,33,48,54,41,61,106,95,Cloudy
16,13,81,92,111,5,7,6,10,30,23,24,83,42,Sunny
95,100,21,34,15,59,8,31,42,101,77,71,87,59,Rainy
112,106,20,10,10,76,11,55,25,83,71,81,41,95,Rainy
9,17,128,90,89,8,0,6,4,21,36,6,80,44,Sunny
44,45,57,51,26,39,22,55,25,54,59,62,62,109,Cloudy
61,28,57,62,27,32,10,58,49,59,68,73,68,67,Cloudy
108,77,21,25,18,77,0,65,32,112,86,73,84,77,Rainy
7,15,0,4,9,95,106,108,96,127,118,92,40,50,Cold
94,68,15,33,4,50,14,56,25,135,114,86,56,93,Rainy
105,91,23,20,6,40,7,45,32,114,113,46,58,50,Rainy
38,58,48,66,24,56,31,67,22,52,55,57,74,91,Cloudy
91,72,21,26,11,69,0,69,36,122,83,72,84,55,Rainy
8,7,156,135,78,11,9,5,14,15,39,7,52,42,Sunny
2,2,155,139,98,7,2,14,10,32,18,8,50,77,Sunny
61,40,37,42,23,53,34,59,29,57,47,60,78,70,Cloudy
26,18,91,123,89,5,6,0,11,23,22,6,67,47,Sunny
132,103,6,39,15,57,15,46,27,105,100,81,59,66,Rainy
7,16,1,17,2,114,80,119,105,113,90,133,75,76,Cold
44,21,37,30,35,63,25,62,40,62,66,75,61,68,Cloudy
97,85,5,24,9,78,13,40,22,100,99,48,84,58,Rainy
43,23,39,51,48,37,20,68,29,58,60,44,80,107,Cloudy
8,19,144,143,60,7,9,12,2,27,20,17,50,81,Sunny
83,62,15,7,14,78,12,44,49,99,108,77,41,53,Rainy
8,18,137,147,115,10,7,5,10,25,39,23,58,45,Sunny
63,32,47,38,34,45,12,31,46,61,40,42,85,95,Cloudy
7,2,119,122,95,5,3,14,9,34,17,21,92,78,Sunny
69,50,60,43,22,31,11,54,44,56,50,76,93,91,Cloudy
87,74,26,15,10,66,15,57,43,123,85,69,52,63,Rainy
8,8,91,114,100,0,2,13,6,26,36,9,81,42,Sunny
8,10,11,29,12,110,110,102,108,82,117,126,45,73,Cold
15,11,1,13,6,106,147,140,79,99,103,141,74,66,Cold
15,11,135,77,63,10,2,10,12,34,27,16,74,49,Sunny
6,11,18,13,2,157,120,137,83,139,107,106,75,62,Cold
104,96,21,25,17,55,3,31,30,122,68,82,55,78,Rainy
32,51,42,32,39,42,39,35,45,43,68,78,64,101,Cloudy
60,52,58,61,25,38,39,44,37,49,66,60,69,85,Cloudy
0,10,123,147,106,15,7,14,4,16,37,14,57,77,Sunny
116,102,27,24,11,77,0,59,47,109,88,59,48,83,Rainy
87,76,22,9,18,45,3,68,44,121,87,62,53,89,Rainy
19,11,93,85,104,16,5,7,0,26,12,14,71,84,Sunny
114,87,8,18,11,60,14,34,39,127,87,41,85,91,Rainy
64,43,53,47,38,38,11,60,49,43,52,59,87,67,Cloudy
49,39,35,45,44,55,13,30,23,72,49,46,107,106,Cloudy
17,17,127,107,92,8,0,4,8,15,23,20,72,80,Sunny
16,18,159,88,64,1,1,2,10,10,37,18,57,83,Sunny
39,29,31,43,24,43,29,45,20,51,71,51,75,80,Cloudy
8,0,124,73,70,4,0,1,7,28,14,8,93,54,Sunny
14,8,12,27,13,166,117,155,122,130,95,126,57,50,Cold
105,77,22,12,19,67,3,51,21,125,93,84,88,94,Rainy
42,46,55,34,27,57,39,53,39,78,47,61,76,98,Cloudy
104,61,22,37,6,57,9,38,33,85,82,45,61,95,Rainy
30,27,57,42,39,37,20,32,20,66,44,61,104,70,Cloudy
56,44,36,68,48,30,19,49,25,50,49,64,104,78,Cloudy
60,42,54,64,48,66,38,68,45,47,66,66,78,101,Cloudy
89,89,26,27,19,54,2,51,39,105,63,60,83,68,Rainy
15,16,130,128,92,10,7,19,7,37,20,8,85,61,Sunny
60,24,68,54,20,37,17,69,35,60,70,69,62,98,Cloudy
10,17,9,25,2,110,87,159,114,85,88,149,42,61,Cold
16,14,116,92,80,17,4,16,6,28,23,19,51,50,Sunny
103,116,14,10,9,68,8,67,40,83,71,46,78,77,Rainy
6,5,6,2,9,150,110,110,104,98,98,117,53,78,Cold
4,9,137,96,106,9,0,18,14,21,10,19,89,43,Sunny
6,11,126,116,85,9,5,0,8,31,20,5,63,65,Sunny
14,4,12,29,12,91,82,132,101,96,82,130,66,62,Cold
18,8,12,13,7,136,147,100,109,90,80,158,74,91,Cold
5,2,15,21,11,128,120,148,107,129,90,142,56,71,Cold
88,64,5,35,18,44,9,62,38,82,117,86,77,98,Rainy
103,78,21,16,16,54,17,58,34,122,101,48,87,73,Rainy
9,12,6,28,8,144,104,148,73,92,71,108,74,59,Cold
54,29,65,44,22,48,16,62,25,48,61,64,73,75,Cloudy
27,16,135,141,71,1,8,11,4,17,22,14,74,68,Sunny
1,5,96,116,82,16,8,17,7,15,17,16,64,46,Sunny
1,16,18,7,7,98,140,136,83,112,94,109,79,60,Cold
11,14,128,103,96,7,7,9,3,26,22,16,79,52,Sunny
12,3,19,3,10,169,109,158,101,117,118,142,55,53,Cold
61,48,30,44,31,68,33,54,40,49,77,48,63,60,Cloudy
68,54,61,48,40,60,11,61,48,49,69,49,60,62,Cloudy
4,14,114,145,76,15,6,9,1,33,14,11,96,48,Sunny
4,2,99,99,116,10,9,16,13,22,12,24,79,41,Sunny
24,17,133,142,79,11,8,15,6,35,38,23,54,47,Sunny
18,16,12,29,7,136,86,101,73,147,70,154,54,63,Cold
0,18,9,6,12,120,105,146,107,130,125,122,60,71,Cold
33,38,47,51,40,36,24,57,21,77,51,59,64,92,Cloudy
113,118,29,31,1,76,19,57,28,95,73,78,69,57,Rainy
9,17,0,13,0,103,123,130,92,138,73,159,42,69,Cold
4,7,14,20,14,114,84,118,110,118,139,127,67,53,Cold
120,103,14,31,10,78,16,55,42,129,99,61,60,69,Rainy
109,89,8,18,4,75,13,54,38,125,89,66,85,78,Rainy
27,19,112,105,96,16,9,6,5,30,23,18,76,75,Sunny
7,3,84,112,83,16,1,3,2,19,16,19,79,54,Sunny
24,13,111,146,107,17,9,3,9,24,21,5,89,67,Sunny
17,10,6,0,12,146,147,125,117,117,119,122,55,66,Cold
81,99,9,29,8,51,13,40,46,93,106,62,73,57,Rainy
80,114,23,32,7,42,8,69,25,82,107,47,83,64,Rainy
110,112,6,19,5,79,2,66,35,83,68,44,58,76,Rainy
24,1,90,106,111,3,1,0,4,23,29,10,66,69,Sunny
43,28,57,47,45,49,16,61,37,43,65,63,105,106,Cloudy
59,37,41,56,22,61,22,49,41,62,50,47,103,85,Cloudy
139,112,14,6,19,69,7,54,34,101,61,63,56,51,Rainy
99,66,25,30,12,61,10,65,49,136,105,64,83,83,Rainy
10,8,122,142,119,0,3,7,12,25,11,16,58,56,Sunny
9,13,17,13,5,161,115,125,88,119,88,123,58,77,Cold
60,23,48,51,24,66,16,56,32,54,61,58,108,99,Cloudy
53,28,44,54,37,42,30,51,24,70,42,75,83,75,Cloudy
6,19,0,2,8,167,143,119,127,82,116,156,54,65,Cold
95,66,26,25,13,55,8,38,20,137,80,71,43,97,Rainy
29,12,152,89,115,11,8,1,13,11,22,23,80,80,Sunny
0,6,12,13,2,155,104,117,118,148,105,127,53,78,Cold
15,18,140,111,103,2,6,17,11,20,17,16,65,77,Sunny
83,112,18,12,15,66,19,45,29,96,79,80,74,87,Rainy
31,33,59,56,46,36,35,51,20,76,61,66,98,70,Cloudy
16,15,125,125,104,7,3,4,6,33,13,9,91,75,Sunny
51,43,59,56,46,57,35,66,26,41,42,68,65,90,Cloudy
15,19,5,8,9,150,112,111,121,96,116,123,70,54,Cold
128,68,9,18,5,61,13,41,35,113,65,82,72,78,Rainy
35,51,33,57,48,33,24,45,25,42,61,56,64,101,Cloudy
8,19,12,17,8,100,145,114,101,121,78,121,52,91,Cold
43,21,52,38,36,64,25,61,26,76,43,44,66,97,Cloudy
15,3,99,97,106,10,2,11,7,33,24,7,64,66,Sunny
44,45,54,57,44,68,30,64,27,50,54,60,68,83,Cloudy
16,15,15,14,8,166,86,100,116,123,101,118,79,70,Cold
146,108,27,24,16,74,10,36,33,126,73,80,68,98,Rainy
6,14,3,29,10,98,149,135,122,135,92,112,49,73,Cold
126,82,20,30,18,57,4,42,43,72,75,55,82,67,Rainy
62,53,62,46,38,64,14,42,39,63,73,62,94,82,Cloudy
13,3,19,11,6,116,96,153,73,110,95,109,61,56,Cold
95,84,9,38,6,72,19,66,25,137,81,49,81,50,Rainy
115,107,7,27,10,74,3,32,33,82,71,42,42,64,Rainy
1,17,10,22,14,161,135,138,75,123,74,102,58,82,Cold
22,3,128,124,101,2,6,8,13,15,30,17,70,87,Sunny
4,13,90,130,60,18,3,1,5,22,12,18,77,65,Sunny
16,4,138,136,107,17,7,0,8,22,36,6,77,68,Sunny
63,36,59,32,31,66,32,59,44,76,41,64,87,101,Cloudy
15,18,10,0,0,107,142,102,101,85,80,124,47,88,Cold
40,55,48,36,45,46,27,38,29,68,43,71,60,80,Cloudy
7,6,151,134,61,3,7,7,14,25,30,16,89,72,Sunny
33,24,63,33,30,65,16,55,33,69,64,66,96,89,Cloudy
9,3,124,128,114,7,7,14,7,23,13,20,95,43,Sunny
55,34,36,67,28,68,37,31,48,45,59,74,99,60,Cloudy
48,49,55,45,35,32,31,55,32,48,68,59,75,61,Cloudy
10,9,147,126,109,8,7,11,3,16,29,21,56,59,Sunny
54,20,43,62,27,65,12,51,32,64,42,44,72,75,Cloudy
81,65,16,15,19,41,1,53,38,99,109,67,50,62,Rainy
16,8,138,73,92,18,8,0,7,38,18,17,75,54,Sunny
2,2,108,114,84,6,4,9,0,14,26,6,88,85,Sunny
17,10,133,110,70,14,5,3,1,37,30,24,50,82,Sunny
2,13,17,27,10,159,95,147,109,118,113,105,64,95,Cold
0,0,7,6,0,119,141,133,102,111,81,102,79,53,Cold
17,10,10,4,2,138,87,122,86,120,121,136,45,92,Cold
93,104,11,27,13,51,7,55,38,108,91,82,42,86,Rainy
63,28,44,41,46,56,33,58,21,57,65,60,106,65,Cloudy
20,8,94,92,82,19,5,7,10,29,30,7,74,87,Sunny
18,2,16,7,9,92,114,128,72,82,79,139,68,74,Cold
7,2,149,135,80,4,2,9,5,21,25,24,99,52,Sunny
103,71,14,15,10,71,11,34,30,138,69,89,64,55,Rainy
25,5,147,146,67,10,3,12,13,19,14,11,66,58,Sunny
24,14,104,97,96,19,2,8,0,23,11,18,91,84,Sunny
3,18,148,147,71,8,4,17,0,29,26,20,53,71,Sunny
136,71,14,33,11,78,9,36,29,107,110,57,82,89,Rainy
94,108,15,30,10,49,5,58,29,113,97,61,55,55,Rainy
120,60,28,25,18,60,5,34,48,70,61,49,57,71,Rainy
56,31,43,45,44,67,11,66,43,55,61,44,94,100,Cloudy
15,8,12,11,10,159,101,103,121,127,126,98,75,85,Cold
24,10,109,84,115,17,9,18,4,30,11,11,68,86,Sunny
14,7,110,141,86,1,4,9,7,12,21,12,67,65,Sunny
42,47,60,35,31,58,16,38,49,70,70,70,64,84,Cloudy
106,94,25,31,9,68,1,42,45,122,90,78,40,72,Rainy
67,36,48,41,22,66,35,61,49,73,58,58,86,108,Cloudy
143,102,6,12,3,76,5,51,39,137,105,73,82,69,Rainy
59,44,65,46,37,31,37,45,20,43,76,66,101,97,Cloudy
86,117,19,32,12,52,9,32,25,81,108,54,86,71,Rainy
136,99,7,30,19,60,15,54,46,85,87,71,69,99,Rainy
149,63,15,11,19,42,14,44,34,71,65,44,54,76,Rainy
35,46,38,61,45,47,32,50,31,62,59,61,71,98,Cloudy
120,111,12,7,9,61,5,53,24,75,63,87,68,70,Rainy
7,12,5,1,1,103,95,131,112,124,106,116,61,58,Cold
7,8,96,118,111,8,9,10,4,29,35,24,71,78,Sunny
23,10,82,120,111,17,5,2,8,16,33,11,73,42,Sunny
41,49,56,47,40,43,23,62,42,56,76,43,107,99,Cloudy
28,9,98,111,71,6,9,18,8,27,13,7,84,71,Sunny
54,46,30,53,25,58,29,45,28,43,70,43,72,61,Cloudy
65,37,37,54,41,50,22,43,33,69,64,50,71,83,Cloudy
3,14,0,29,9,157,81,134,121,148,122,156,62,77,Cold
92,64,6,15,7,54,0,36,24,118,98,67,44,93,Rainy
14,11,12,1,5,145,88,92,109,88,124,149,41,90,Cold
17,1,17,23,8,155,80,138,106,87,75,119,66,52,Cold
39,42,39,44,45,69,16,55,41,69,76,46,107,62,Cloudy
3,0,87,101,91,6,5,10,8,36,20,19,84,75,Sunny
12,13,17,24,10,96,134,112,78,140,89,106,43,68,Cold
57,41,44,69,46,59,39,56,22,68,41,41,73,63,Cloudy
47,31,57,41,40,62,29,46,24,46,51,63,102,72,Cloudy
19,17,137,72,93,8,6,7,2,13,30,18,67,44,Sunny
46,35,43,69,29,51,33,42,41,54,71,74,94,80,Cloudy
12,13,3,4,14,153,145,134,74,132,87,128,67,63,Cold
119,65,26,6,4,77,5,59,46,79,96,48,49,92,Rainy
52,24,49,59,32,31,26,52,23,58,60,74,74,103,Cloudy
11,2,8,1,4,161,147,156,76,88,80,121,70,56,Cold
3,16,0,7,10,136,81,114,88,81,89,121,75,91,Cold
15,13,6,12,2,145,143,105,76,135,138,130,72,98,Cold
27,0,120,92,109,2,8,7,13,30,13,13,71,69,Sunny
10,6,8,2,4,102,136,115,101,142,116,146,61,67,Cold
121,96,15,17,3,69,4,51,40,138,97,40,68,70,Rainy
11,8,6,19,13,138,145,130,117,124,77,148,49,50,Cold
144,99,16,34,18,65,9,48,46,94,104,71,72,92,Rainy
10,17,2,2,9,100,85,103,98,80,120,148,48,50,Cold
65,48,52,51,40,36,34,32,47,52,73,52,104,75,Cloudy
9,3,128,147,62,6,1,5,6,25,22,7,93,64,Sunny
13,10,6,16,12,156,92,125,86,84,111,146,60,50,Cold
2,10,99,139,104,13,7,11,11,26,12,14,86,57,Sunny
15,7,125,70,67,6,2,9,11,33,33,23,64,88,Sunny
49,54,59,37,46,54,36,51,22,50,72,69,63,72,Cloudy
10,7,13,0,7,126,122,148,98,131,89,127,65,84,Cold
59,36,62,38,33,33,26,40,28,79,75,51,95,103,Cloudy
97,114,15,16,16,54,5,58,44,108,116,72,41,87,Rainy
54,51,49,60,23,37,13,53,34,55,58,46,80,79,Cloudy
64,31,32,30,37,59,21,52,45,46,56,46,86,102,Cloudy
14,0,111,144,64,5,8,19,12,13,31,21,90,52,Sunny
6,13,8,7,11,149,125,142,101,112,81,147,75,62,Cold
20,9,100,110,112,13,3,17,10,39,15,24,59,50,Sunny
16,10,1,14,1,115,113,113,71,124,81,159,79,58,Cold
147,73,16,36,17,70,12,42,21,82,88,61,42,86,Rainy
38,56,45,47,24,51,38,59,40,67,69,52,104,68,Cloudy
22,6,149,82,112,7,4,4,11,22,39,24,68,77,Sunny
91,115,18,17,11,74,11,39,41,98,94,81,61,52,Rainy
46,52,31,49,27,48,33,67,49,68,77,45,69,92,Cloudy
37,27,38,60,49,36,23,45,33,40,51,57,82,69,Cloudy
0,2,147,108,96,14,6,13,14,23,19,20,86,80,Sunny
0,11,7,22,10,155,86,100,104,143,78,142,47,79,Cold
26,0,136,106,113,5,3,8,4,14,29,8,66,47,Sunny
98,111,13,6,1,68,2,64,42,96,69,53,83,77,Rainy
52,39,43,49,21,36,37,30,23,75,49,42,92,93,Cloudy
81,108,18,28,17,68,16,44,21,111,63,42,41,95,Rainy
82,88,16,8,17,58,19,35,44,81,111,41,52,55,Rainy
15,11,6,6,10,91,149,102,125,106,109,107,62,81,Cold
33,25,31,57,33,34,36,52,45,66,68,51,72,60,Cloudy
17,0,16,3,6,151,97,104,89,147,119,129,61,97,Cold
131,62,19,26,11,76,12,68,21,101,60,51,75,81,Rainy
3,15,87,136,109,1,3,16,2,33,36,12,74,86,Sunny
39,33,62,68,27,31,10,62,35,61,79,71,100,74,Cloudy
110,76,17,9,11,61,14,65,42,121,71,41,41,71,Rainy
55,37,59,36,27,39,18,68,46,78,74,42,65,97,Cloudy
10,15,8,11,3,112,87,123,94,106,124,130,78,90,Cold
0,10,139,119,87,0,8,10,2,33,39,17,96,84,Sunny
122,98,6,38,18,43,2,57,25,71,84,88,57,99,Rainy
141,87,26,26,17,51,4,51,33,114,112,84,69,54,Rainy
34,44,45,56,49,62,32,45,21,57,42,59,97,84,Cloudy
50,34,33,39,46,65,18,36,48,70,65,78,68,67,Cloudy
9,9,5,3,9,94,136,93,106,143,83,154,56,92,Cold
32,48,44,39,26,43,36,67,33,49,59,54,90,79,Cloudy
36,31,52,52,38,57,17,51,24,72,49,56,80,90,Cloudy
51,26,64,62,21,43,33,50,20,69,44,67,88,88,Cloudy
37,54,38,66,43,54,39,33,31,64,58,59,91,85,Cloudy
11,10,2,28,6,129,88,157,98,127,86,137,48,74,Cold
107,83,20,26,7,63,17,61,28,114,83,65,87,58,Rainy
14,16,83,130,71,12,0,15,5,13,16,23,98,46,Sunny
52,59,51,32,43,67,27,46,40,44,64,75,73,60,Cloudy
8,19,144,99,85,9,9,5,12,12,36,19,87,46,Sunny
28,4,123,120,70,9,9,15,1,39,17,18,72,65,Sunny
0,6,157,135,72,4,7,19,7,31,24,24,55,46,Sunny
9,14,4,3,8,147,113,130,88,133,109,100,52,67,Cold
135,69,8,19,4,58,3,66,42,91,98,88,55,53,Rainy
0,10,106,75,61,12,8,16,4,15,28,23,79,89,Sunny
17,1,9,11,2,140,134,107,122,96,81,99,49,57,Cold
112,88,27,6,6,44,3,37,23,99,105,40,40,83,Rainy
34,52,54,61,37,66,30,64,49,44,65,65,105,69,Cloudy
115,79,5,14,5,56,6,51,41,96,66,67,86,94,Rainy
3,8,12,21,11,129,133,90,125,149,93,103,68,97,Cold
10,14,16,21,6,163,95,130,125,115,124,110,40,75,Cold
5,4,84,139,104,4,6,11,6,24,24,13,95,68,Sunny
16,10,139,86,117,5,4,7,1,24,11,15,73,58,Sunny
134,95,7,5,3,77,8,40,32,75,96,87,53,53,Rainy
4,9,18,26,11,113,141,122,102,122,70,127,57,57,Cold
12,10,89,95,72,8,1,0,13,34,37,11,66,69,Sunny
142,93,8,17,16,79,9,48,49,134,96,85,72,61,Rainy
16,5,136,139,111,16,8,7,12,16,28,9,81,63,Sunny
123,76,10,15,15,49,14,69,24,98,91,82,63,65,Rainy
58,39,49,60,25,60,33,69,42,63,44,61,105,88,Cloudy
121,84,23,29,16,56,11,48,38,123,100,59,85,65,Rainy
10,0,143,99,70,15,1,9,10,29,39,17,52,40,Sunny
139,102,24,15,3,60,1,56,44,133,71,85,40,81,Rainy
12,2,7,12,13,164,108,104,97,138,133,91,55,79,Cold
52,58,36,48,41,62,19,37,23,68,70,63,65,79,Cloudy
56,59,31,32,20,40,23,36,48,46,57,58,62,81,Cloudy
30,34,32,44,22,32,13,49,35,40,54,56,98,71,Cloudy
54,21,50,59,30,59,15,40,45,49,54,57,79,75,Cloudy
31,41,62,65,43,55,39,40,27,69,49,77,104,106,Cloudy
118,92,24,6,14,40,2,38,49,135,97,76,47,65,Rainy
15,14,9,11,12,109,142,92,99,81,121,128,49,74,Cold
62,47,30,32,43,69,29,32,36,52,66,47,69,62,Cloudy
40,44,38,35,46,58,34,67,32,44,41,42,93,77,Cloudy
149,62,28,13,3,70,10,49,34,77,92,78,80,70,Rainy
14,17,100,123,69,16,6,1,11,32,19,20,61,75,Sunny
8,2,8,20,9,103,143,122,123,126,133,99,58,56,Cold
63,25,58,65,46,54,27,48,27,58,77,72,101,103,Cloudy
65,59,38,62,44,32,30,54,39,43,60,44,71,71,Cloudy
2,19,107,148,80,17,2,2,4,11,25,8,63,70,Sunny
29,6,146,73,109,10,5,4,7,10,28,20,67,78,Sunny
27,12,87,102,108,19,3,12,7,23,28,6,77,55,Sunny
48,38,37,48,20,58,38,48,36,58,67,59,104,83,Cloudy
58,57,49,45,40,39,15,37,43,59,72,45,100,66,Cloudy
29,11,148,74,73,12,7,2,1,19,31,9,57,88,Sunny
94,62,10,24,13,53,19,36,26,104,117,71,77,76,Rainy
133,117,9,6,7,50,7,62,23,95,103,56,48,82,Rainy
6,18,90,119,89,5,2,6,7,10,12,23,61,57,Sunny
107,104,5,19,6,42,10,68,36,96,96,79,78,69,Rainy
14,12,105,76,112,14,5,12,13,24,27,11,52,84,Sunny
6,3,122,145,85,12,2,8,9,16,13,20,82,40,Sunny
132,110,18,15,18,41,7,65,44,92,83,72,75,54,Rainy
146,88,16,12,3,71,15,54,43,92,81,49,67,85,Rainy
97,63,29,13,14,40,5,63,22,75,119,89,48,84,Rainy
27,6,118,149,74,19,7,19,9,30,17,17,82,52,Sunny
63,25,44,68,28,47,24,36,40,40,51,46,93,69,Cloudy
30,54,42,56,42,51,26,69,21,53,45,52,88,90,Cloudy
6,13,128,108,94,6,1,4,12,37,31,10,56,65,Sunny
69,28,57,31,44,37,31,45,32,56,48,68,63,68,Cloudy
100,103,24,12,8,41,3,38,40,128,114,41,54,89,Rainy
53,30,47,60,34,43,11,60,41,40,65,65,66,104,Cloudy
4,4,5,13,2,124,96,156,89,115,126,104,56,55,Cold
13,2,13,24,14,118,94,98,122,92,94,132,48,77,Cold
26,7,153,99,88,8,9,19,10,18,13,5,95,40,Sunny
148,71,26,22,6,49,19,51,34,134,104,61,68,88,Rainy
7,9,87,108,70,17,8,5,7,20,10,17,84,74,Sunny
9,8,18,9,7,146,149,155,117,130,107,110,40,96,Cold
5,6,16,28,7,136,106,151,103,136,76,114,41,66,Cold
66,49,45,66,24,38,35,31,42,75,79,47,103,67,Cloudy
25,3,85,129,96,0,1,11,6,30,14,12,78,83,Sunny
93,78,5,16,6,52,10,47,34,95,93,68,59,64,Rainy
31,52,37,62,32,65,30,49,22,72,61,72,94,71,Cloudy
11,0,10,1,11,143,125,155,81,98,83,129,68,63,Cold
64,27,39,67,21,31,11,32,27,70,40,71,109,80,Cloudy
5,7,17,12,14,155,84,124,122,125,90,97,70,58,Cold
0,4,1,13,5,94,101,109,113,118,131,149,58,74,Cold
118,112,8,19,10,43,7,34,21,72,72,78,85,83,Rainy
63,48,65,31,48,54,26,43,41,77,70,47,65,72,Cloudy
68,43,66,66,47,39,11,48,44,40,67,59,67,62,Cloudy
38,37,31,48,31,30,30,58,36,65,42,52,71,61,Cloudy
38,45,46,62,22,65,22,36,22,74,52,51,75,104,Cloudy
10,13,8,23,1,131,135,112,116,109,137,134,74,94,Cold
13,13,16,4,14,95,131,156,127,83,86,122,54,97,Cold
5,1,19,9,11,104,95,148,112,110,122,94,51,62,Cold
41,52,60,41,47,58,33,56,33,40,68,55,107,63,Cloudy
25,7,142,77,110,7,1,10,3,23,34,21,51,46,Sunny
85,62,16,12,1,45,9,33,21,74,101,54,57,88,Rainy
97,103,10,20,16,48,2,67,26,123,84,49,78,80,Rainy
9,1,16,12,2,105,109,127,75,139,74,103,79,66,Cold
35,32,60,58,40,68,33,58,48,52,53,49,89,63,Cloudy
6,13,149,99,114,7,5,13,9,35,17,20,83,46,Sunny
64,53,47,60,40,31,30,31,35,62,50,45,63,80,Cloudy
2,10,4,3,11,99,107,144,93,129,136,135,46,69,Cold
26,12,95,82,95,5,8,9,11,39,25,21,96,70,Sunny
2,12,96,89,105,8,9,10,11,36,12,16,67,77,Sunny
2,2,14,28,5,101,144,102,111,122,113,101,45,86,Cold
89,110,7,5,9,69,17,63,45,75,107,41,55,68,Rainy
19,3,128,104,105,5,5,13,4,24,20,17,60,80,Sunny
30,41,63,54,21,54,26,65,45,58,51,72,71,78,Cloudy
32,28,39,64,49,48,38,52,38,72,70,70,79,62,Cloudy
16,19,14,25,13,134,119,138,89,86,94,97,47,94,Cold
137,94,22,14,16,76,0,42,23,124,99,55,54,68,Rainy
36,58,62,49,42,37,21,35,46,74,40,79,70,67,Cloudy
96,116,8,27,12,51,9,61,32,116,63,88,46,53,Rainy
64,40,61,36,30,37,32,43,32,56,59,73,107,86,Cloudy
1,3,8,25,6,100,124,157,108,83,115,125,73,96,Cold
62,29,66,39,49,54,27,64,37,43,49,54,61,99,Cloudy
41,52,64,67,43,57,18,44,46,44,41,47,105,105,Cloudy
47,31,36,42,41,51,37,30,35,69,63,50,95,71,Cloudy
8,7,11,19,8,104,96,114,100,128,135,128,67,97,Cold
37,45,30,57,38,40,11,48,39,47,65,59,92,89,Cloudy
7,14,109,112,74,1,9,15,14,33,23,12,93,64,Sunny
134,83,11,38,17,41,6,57,37,85,83,83,82,94,Rainy
12,19,3,14,12,121,145,116,89,100,123,151,41,50,Cold
135,95,5,28,10,65,8,45,37,121,60,76,53,89,Rainy
102,75,15,30,7,75,12,37,21,115,119,46,48,91,Rainy
92,112,23,19,18,65,10,30,49,104,115,47,70,63,Rainy
111,97,7,24,8,79,6,34,20,84,93,81,55,66,Rainy
10,5,7,13,10,110,139,146,128,148,138,115,77,65,Cold
141,70,12,5,2,55,5,69,32,104,66,85,86,97,Rainy
146,112,29,33,6,55,13,55,26,98,99,65,43,76,Rainy
32,28,41,61,48,59,22,58,22,58,41,55,72,68,Cloudy
42,23,64,35,35,41,12,32,38,53,68,72,74,96,Cloudy
18,14,4,7,7,144,140,95,126,90,93,113,50,57,Cold
89,100,19,12,11,53,15,39,49,112,72,62,66,55,Rainy
34,34,44,62,21,49,35,50,24,78,40,75,67,92,Cloudy
49,28,52,37,43,32,39,41,46,71,61,57,96,102,Cloudy
50,34,50,69,31,51,18,65,42,65,79,61,91,97,Cloudy
8,1,19,14,9,147,124,108,91,134,134,155,60,97,Cold
46,59,60,67,41,53,29,32,41,54,53,72,83,75,Cloudy
47,31,57,32,20,42,33,51,21,45,74,54,87,92,Cloudy
8,6,17,21,3,123,115,95,126,86,82,150,71,91,Cold
68,48,49,56,39,51,26,55,23,54,55,57,75,79,Cloudy
6,9,140,76,91,8,1,8,12,39,19,15,88,87,Sunny
139,64,11,27,12,56,0,66,33,100,115,41,57,83,Rainy
146,69,13,18,2,49,9,49,42,116,70,77,71,52,Rainy
144,61,14,6,0,71,17,61,34,125,66,42,45,96,Rainy
14,6,15,8,3,145,95,120,101,137,107,111,40,64,Cold
83,84,27,38,2,46,9,58,21,107,65,48,69,78,Rainy
67,49,61,56,38,62,34,60,28,78,74,56,96,92,Cloudy
2,9,159,88,84,7,7,0,4,20,32,16,58,43,Sunny
5,14,113,72,71,18,4,13,13,10,30,5,91,80,Sunny
54,52,69,57,43,56,32,56,27,74,52,51,67,101,Cloudy
131,60,16,37,6,47,0,47,21,126,89,76,89,60,Rainy
7,17,144,148,73,12,9,18,11,35,16,23,91,86,Sunny
122,97,18,17,6,45,19,67,21,99,66,70,60,80,Rainy
148,110,29,5,3,59,17,46,42,92,97,47,56,96,Rainy
4,8,85,78,66,10,9,10,3,14,23,6,91,70,Sunny
130,83,17,13,12,46,13,63,44,107,75,49,84,50,Rainy
3,19,156,95,65,0,3,1,1,15,24,13,59,66,Sunny
12,10,17,22,9,155,131,129,124,113,130,94,66,62,Cold
54,54,65,41,48,48,27,55,32,40,79,74,63,93,Cloudy
134,74,19,9,8,53,19,41,27,132,88,83,73,56,Rainy
16,7,18,20,5,164,136,159,108,116,129,110,61,87,Cold
0,2,121,143,87,3,5,3,5,22,11,11,89,81,Sunny
19,0,14,27,9,145,109,120,103,120,127,116,67,95,Cold
19,18,11,25,3,106,87,134,111,127,78,140,62,57,Cold
138,92,29,38,12,61,16,65,36,120,74,44,79,88,Rainy
129,83,9,19,5,49,0,52,35,103,76,52,67,68,Rainy
50,39,61,67,35,62,30,69,42,53,70,64,65,98,Cloudy
18,19,94,71,117,11,7,17,13,21,30,13,57,40,Sunny
38,22,64,67,22,32,29,52,47,59,62,56,72,99,Cloudy
110,100,13,31,10,62,6,33,24,99,91,55,64,98,Rainy
91,114,11,11,6,60,7,53,36,76,102,67,69,51,Rainy
112,97,23,22,9,56,12,42,45,122,117,88,64,89,Rainy
22,3,159,117,83,4,9,2,11,12,23,17,70,62,Sunny
2,11,16,0,5,146,100,135,82,87,70,139,60,98,Cold
13,1,95,125,72,7,2,4,4,17,17,20,70,48,Sunny
105,97,15,19,0,63,2,63,47,74,111,72,50,98,Rainy
80,79,7,17,6,47,2,59,21,128,85,67,59,84,Rainy
19,6,117,138,87,19,9,18,2,32,29,19,52,71,Sunny
11,16,98,120,65,7,7,5,1,18,20,11,94,54,Sunny
17,18,1,14,13,122,147,153,120,97,84,104,78,92,Cold
9,4,4,19,0,135,82,110,117,84,128,97,48,57,Cold
8,1,15,6,6,97,97,142,102,103,92,127,69,62,Cold
131,69,24,17,5,44,9,57,20,133,61,83,42,78,Rainy
5,17,9,13,1,117,142,122,105,140,113,136,40,75,Cold
15,6,1,22,9,95,80,155,94,103,70,114,44,61,Cold
147,69,21,33,17,60,12,60,25,118,72,88,72,67,Rainy
146,74,16,27,2,76,3,36,42,127,115,67,80,85,Rainy
98,98,15,32,5,65,2,65,41,107,97,40,55,74,Rainy
22,16,97,93,89,2,3,9,4,25,26,13,93,77,Sunny
0,15,4,24,11,113,131,159,116,85,137,104,55,96,Cold
149,110,8,32,15,68,13,63,26,82,60,71,57,72,Rainy
91,93,28,6,3,66,1,35,27,83,114,60,83,72,Rainy
4,3,13,19,1,168,86,144,125,86,132,94,63,60,Cold
143,87,13,23,17,74,8,45,39,91,74,87,68,61,Rainy
91,95,19,10,10,65,12,59,21,113,106,66,86,88,Rainy
11,7,2,27,4,157,135,100,100,83,126,140,62,91,Cold
13,2,83,94,64,14,8,3,7,39,22,5,50,68,Sunny
17,17,12,6,12,147,97,110,107,121,118,125,40,93,Cold
81,116,10,19,0,53,9,65,28,86,83,68,68,74,Rainy
125,71,25,33,10,62,2,59,26,107,107,41,41,97,Rainy
65,53,65,32,47,52,21,32,26,59,54,46,98,90,Cloudy
41,38,37,54,34,34,39,61,32,40,79,49,81,100,Cloudy
2,17,9,17,12,123,86,148,126,120,78,125,57,79,Cold
111,68,20,37,4,65,16,67,46,119,90,81,47,68,Rainy
3,1,105,116,62,1,8,5,4,20,16,16,84,74,Sunny
18,13,131,77,74,13,5,1,4,19,18,15,99,57,Sunny
2,5,154,91,80,15,7,17,13,21,24,18,99,54,Sunny
2,14,10,11,5,137,81,126,94,111,102,131,41,58,Cold
67,38,51,40,41,59,13,69,42,65,79,44,79,105,Cloudy
133,91,25,5,1,43,16,66,38,121,106,83,48,67,Rainy
40,57,43,55,37,34,11,66,37,57,55,75,89,60,Cloudy
36,36,35,52,28,67,37,58,43,79,68,42,64,68,Cloudy
128,95,23,29,12,69,4,38,22,120,103,84,86,58,Rainy
83,84,27,18,2,53,17,31,37,109,64,48,51,70,Rainy
101,85,22,21,7,58,4,53,29,108,76,50,79,96,Rainy
3,4,145,88,107,17,1,15,4,14,36,9,75,46,Sunny
34,52,45,40,48,52,14,36,46,54,70,60,68,94,Cloudy
59,37,57,36,34,44,10,51,36,67,67,61,67,85,Cloudy
84,60,21,18,4,70,2,35,24,116,69,63,63,52,Rainy
19,0,11,25,13,129,110,92,98,132,94,93,54,96,Cold
105,70,26,27,14,70,6,46,43,77,118,43,81,93,Rainy
44,31,64,61,37,63,35,31,21,66,51,74,105,74,Cloudy
89,76,23,28,15,75,0,33,45,121,92,54,86,60,Rainy
102,119,17,16,7,54,17,69,48,84,100,71,77,77,Rainy
97,107,17,36,8,77,18,44,44,109,70,41,74,92,Rainy
42,29,42,69,42,43,11,63,33,79,60,59,76,78,Cloudy
13,19,10,21,0,95,146,153,89,144,98,139,71,60,Cold
127,91,8,8,16,72,18,62,36,114,91,59,40,85,Rainy
5,4,0,26,3,168,137,121,85,83,113,143,78,96,Cold
69,31,31,43,49,59,37,60,22,49,45,56,78,72,Cloudy
19,17,123,137,104,12,5,17,0,30,15,18,70,88,Sunny
10,4,13,20,11,96,114,107,76,117,120,100,51,67,Cold
17,7,87,92,76,9,4,4,6,22,16,9,93,80,Sunny
14,7,13,12,12,117,114,152,88,121,80,147,58,79,Cold
7,7,11,26,10,129,93,147,122,105,103,118,69,57,Cold
30,29,58,43,29,41,38,32,33,58,61,48,73,90,Cloudy
68,48,54,54,45,69,34,53,37,41,42,78,105,60,Cloudy
83,68,14,18,8,78,5,36,44,89,95,43,47,89,Rainy
20,12,110,100,78,9,3,17,5,21,13,13,87,77,Sunny
89,75,11,19,12,49,15,53,44,98,82,73,47,98,Rainy
19,5,3,29,11,156,136,125,80,88,122,121,74,75,Cold
96,89,8,9,16,52,17,59,37,96,103,47,76,99,Rainy
20,2,99,145,112,0,6,8,8,29,37,6,76,44,Sunny
102,118,20,11,4,68,19,55,33,76,89,78,65,80,Rainy
9,0,8,5,2,104,124,135,78,134,112,159,73,79,Cold
29,9,133,113,115,17,4,6,0,37,16,22,74,82,Sunny
123,103,24,20,11,57,19,64,35,81,69,63,55,77,Rainy
10,17,106,125,97,14,1,1,6,38,34,22,63,86,Sunny
14,12,18,8,7,168,85,93,73,110,108,90,62,51,Cold
18,7,8,25,6,115,82,137,86,141,96,124,72,69,Cold
22,3,83,92,64,14,0,4,14,10,37,14,85,61,Sunny
5,4,84,103,76,1,8,19,9,34,30,14,92,82,Sunny
40,53,58,54,40,33,15,39,47,63,47,50,61,74,Cloudy
2,5,13,29,4,112,108,119,75,96,98,151,73,62,Cold
115,87,29,9,9,41,18,34,25,93,107,41,54,99,Rainy
145,81,16,12,14,50,10,51,46,129,81,67,68,95,Rainy
18,3,112,102,100,19,9,1,9,16,24,21,77,50,Sunny
125,112,14,21,4,49,12,45,22,80,105,75,62,60,Rainy
38,49,40,39,28,47,28,36,23,44,78,60,105,64,Cloudy
15,0,19,21,6,132,148,128,76,146,126,146,59,73,Cold
9,1,19,29,10,161,138,109,72,99,70,153,63,87,Cold
137,83,8,32,14,59,6,53,38,132,116,75,84,82,Rainy
34,26,56,44,38,46,19,63,25,72,58,76,102,67,Cloudy
54,44,31,65,37,41,12,63,37,51,58,71,93,91,Cloudy
135,112,6,18,16,63,13,48,48,70,89,53,59,77,Rainy
40,23,52,40,37,34,16,42,45,59,66,59,108,99,Cloudy
0,5,16,4,11,123,85,120,117,80,123,120,41,81,Cold
136,118,17,34,4,64,10,64,32,121,93,70,75,90,Rainy
63,23,41,54,43,69,24,61,39,76,45,53,98,90,Cloudy
46,43,35,33,44,31,17,53,21,62,61,66,79,77,Cloudy
17,3,150,80,87,2,6,12,2,10,27,21,51,56,Sunny
11,4,99,95,97,9,9,13,13,32,18,17,76,78,Sunny
55,43,66,43,34,55,16,62,48,71,44,64,76,84,Cloudy
36,31,38,51,46,65,10,31,37,49,63,57,61,108,Cloudy
66,22,34,62,45,38,35,56,21,55,69,71,93,89,Cloudy
101,63,17,15,9,52,5,42,42,130,60,75,53,95,Rainy
12,4,7,0,4,114,136,104,89,101,85,137,44,86,Cold
38,40,30,37,45,32,12,67,44,60,74,40,78,60,Cloudy
62,49,41,46,41,46,14,66,32,70,59,66,74,74,Cloudy
25,3,124,105,104,16,4,14,4,23,19,21,86,80,Sunny
27,5,120,139,97,17,9,14,14,17,29,9,71,86,Sunny
110,119,24,13,5,59,5,48,38,98,60,78,66,81,Rainy
61,26,62,33,34,35,32,65,41,67,79,69,108,108,Cloudy
108,70,17,27,12,59,3,36,20,103,103,44,62,66,Rainy
12,4,14,9,7,105,148,129,129,88,106,110,43,75,Cold
37,39,37,66,36,35,35,38,49,68,44,50,69,77,Cloudy
116,85,21,39,7,62,12,35,32,75,83,86,77,77,Rainy
3,1,85,102,83,12,3,12,8,11,10,16,69,63,Sunny
146,92,14,24,0,74,1,63,37,88,103,65,59,61,Rainy
13,7,111,108,64,6,4,14,4,34,31,10,61,64,Sunny
26,5,93,112,76,10,7,14,4,38,13,17,62,89,Sunny
114,99,19,31,2,70,19,62,29,86,116,58,73,75,Rainy
58,29,31,55,21,48,13,34,38,61,70,44,101,63,Cloudy
14,17,2,12,6,142,86,101,81,131,89,138,67,52,Cold
22,19,89,116,85,9,7,8,6,27,32,24,99,59,Sunny
25,1,133,137,94,1,0,14,10,16,20,9,63,76,Sunny
15,8,15,19,7,159,106,113,90,109,87,158,50,84,Cold
32,35,55,69,43,51,28,47,25,56,48,72,69,77,Cloudy
25,0,112,131,63,9,9,19,8,10,39,20,97,51,Sunny
43,21,54,47,33,41,15,35,25,42,77,78,103,95,Cloudy
16,12,10,5,10,159,85,110,91,116,86,108,68,58,Cold
17,3,85,97,116,5,4,15,10,22,19,17,60,89,Sunny
127,111,18,20,7,45,1,50,45,103,65,69,53,60,Rainy
0,3,4,19,2,102,147,152,71,136,133,148,57,63,Cold
89,103,15,27,7,48,14,34,28,134,78,78,52,78,Rainy
13,12,9,2,1,160,99,105,79,147,104,103,57,64,Cold
22,4,142,88,93,9,1,3,2,27,36,10,62,46,Sunny
131,91,23,32,17,73,16,30,20,82,110,89,48,73,Rainy
7,1,15,9,2,161,111,131,109,135,117,112,76,75,Cold
14,8,0,22,0,150,88,114,95,147,129,112,58,75,Cold
1,0,120,130,86,1,8,17,8,14,22,20,96,71,Sunny
148,119,14,10,0,73,13,51,36,79,88,49,70,69,Rainy
134,118,23,23,18,64,18,52,32,122,102,66,71,71,Rainy
7,11,18,12,1,153,101,121,105,120,107,119,44,57,Cold
14,13,0,11,11,120,86,105,90,94,83,138,46,63,Cold
40,45,40,48,37,55,32,48,21,59,75,55,76,97,Cloudy
94,84,5,8,4,62,7,43,44,93,117,53,85,64,Rainy
2,3,9,25,14,138,141,96,83,146,121,102,48,72,Cold
23,17,150,96,104,10,2,6,11,17,23,22,80,53,Sunny
14,9,122,102,101,10,9,8,0,39,37,5,70,41,Sunny
21,11,147,132,114,19,3,13,4,30,30,19,97,88,Sunny
28,10,109,94,87,14,9,19,5,11,29,5,82,59,Sunny
28,14,88,145,113,0,6,5,1,32,28,5,76,49,Sunny
51,20,56,58,43,38,20,49,29,79,44,48,67,95,Cloudy
1,1,135,72,61,3,4,13,4,35,38,24,80,53,Sunny
65,35,38,49,30,56,31,35,30,41,70,77,82,80,Cloudy
117,99,20,30,2,43,12,32,43,129,99,51,42,73,Rainy
94,115,15,7,18,75,11,54,26,119,72,86,55,92,Rainy
5,18,94,105,104,17,4,16,9,28,27,12,92,80,Sunny
18,11,144,133,73,0,0,1,5,26,18,8,86,85,Sunny
67,51,69,52,23,60,29,66,23,40,64,47,73,66,Cloudy
48,50,31,45,32,40,21,33,26,41,59,73,91,74,Cloudy
110,91,18,23,9,59,6,30,46,102,85,66,56,80,Rainy
20,8,96,70,114,3,5,5,8,25,34,13,98,62,Sunny
50,56,41,69,39,66,17,64,36,50,72,45,101,92,Cloudy
12,1,13,24,7,113,137,95,128,144,119,90,56,70,Cold
19,19,150,88,79,11,8,11,2,27,18,5,58,65,Sunny
59,25,46,31,21,43,22,43,38,55,59,68,77,62,Cloudy
9,2,115,131,87,8,8,5,11,25,39,12,94,74,Sunny
85,96,21,34,8,54,2,62,39,83,63,47,53,59,Rainy
63,49,39,36,45,46,33,37,20,54,75,58,68,77,Cloudy
2,7,17,28,6,120,114,150,77,95,76,116,69,61,Cold
65,28,58,64,40,30,11,57,27,78,70,54,75,99,Cloudy
5,10,17,12,8,112,132,154,96,141,137,116,68,52,Cold
19,1,142,73,102,10,6,4,0,22,17,12,77,40,Sunny
10,18,13,2,14,140,144,125,97,138,98,129,43,64,Cold
25,7,118,112,99,9,1,19,6,26,20,8,56,59,Sunny
27,17,137,74,115,9,0,6,12,15,28,5,64,62,Sunny
35,24,61,43,30,69,15,39,23,68,66,65,60,99,Cloudy
110,101,6,19,0,49,1,50,40,84,80,52,74,93,Rainy
1,5,3,5,2,168,104,90,118,130,94,157,43,57,Cold
47,32,68,64,35,60,13,64,21,64,48,57,68,96,Cloudy
11,10,127,145,111,18,5,6,1,11,19,5,81,82,Sunny
19,8,0,8,7,125,85,148,111,84,90,146,70,98,Cold
28,1,144,114,83,19,4,9,1,28,14,13,95,73,Sunny
53,21,67,50,40,49,14,44,29,52,73,65,90,86,Cloudy
46,48,37,45,40,37,15,45,49,67,63,67,106,92,Cloudy
0,14,16,18,11,166,81,94,97,123,97,99,55,77,Cold
30,49,34,67,26,59,36,47,47,71,47,48,99,101,Cloudy
13,1,97,117,88,19,9,14,14,24,38,13,67,73,Sunny
137,66,5,14,9,40,13,48,25,119,114,75,77,73,Rainy
134,63,9,9,5,55,2,59,31,123,88,63,62,67,Rainy
1,19,112,116,94,1,7,11,7,36,35,6,85,67,Sunny
61,56,67,68,42,37,21,65,21,44,56,51,106,86,Cloudy
14,11,120,129,107,2,9,14,14,26,22,19,79,63,Sunny
93,93,21,10,10,42,17,65,45,74,76,69,69,96,Rainy
15,1,12,28,6,127,84,139,72,127,82,143,55,79,Cold
51,49,32,40,48,36,35,59,28,42,66,65,95,68,Cloudy
41,34,60,40,29,33,30,52,33,76,73,59,98,76,Cloudy
143,119,26,30,19,42,8,56,36,124,118,45,73,60,Rainy
130,90,10,7,19,68,2,42,37,90,93,62,68,68,Rainy
110,93,8,9,6,63,2,44,20,92,117,57,76,76,Rainy
36,31,49,62,48,36,32,39,32,64,73,63,85,87,Cloudy
19,8,2,1,14,98,145,102,118,90,115,101,59,97,Cold
13,1,18,12,14,111,124,147,70,122,138,120,47,58,Cold
5,1,9,21,14,129,131,148,107,140,107,98,51,53,Cold
50,32,37,36,25,33,26,45,27,65,46,46,81,64,Cloudy
2,14,0,19,0,166,125,141,89,85,72,138,47,95,Cold
116,94,12,12,2,71,3,52,20,129,82,87,52,70,Rainy
4,0,16,9,12,117,125,112,93,126,70,159,44,64,Cold
58,53,39,61,34,58,27,56,28,73,55,50,64,71,Cloudy
64,52,33,68,20,35,10,39,24,67,73,45,67,103,Cloudy
97,81,14,35,14,77,12,39,27,107,104,45,87,84,Rainy
62,33,58,65,29,58,13,39,20,59,61,61,91,91,Cloudy
131,117,12,8,10,63,7,52,47,136,100,65,51,88,Rainy
0,1,4,17,1,124,98,108,118,137,97,153,56,65,Cold
6,1,0,15,1,103,108,147,101,90,104,104,56,93,Cold
19,9,15,4,11,146,116,104,94,89,137,94,45,73,Cold
145,80,23,39,17,68,1,59,43,99,82,68,48,76,Rainy
43,30,55,68,25,47,27,53,23,51,43,69,83,101,Cloudy
0,16,4,7,4,96,117,129,71,101,78,127,68,62,Cold
56,56,59,41,48,51,24,34,24,59,50,56,101,67,Cloudy
12,18,97,149,75,9,6,18,10,14,34,21,98,73,Sunny
127,60,16,37,10,58,3,56,37,124,61,50,86,70,Rainy
3,3,10,29,6,119,132,104,71,112,138,150,46,71,Cold
8,19,5,8,12,111,138,118,82,100,75,145,63,72,Cold
100,60,25,9,18,42,3,66,24,73,81,61,54,75,Rainy
6,8,17,7,1,167,105,138,91,85,114,153,68,57,Cold
147,115,11,28,8,42,19,40,20,103,77,55,81,80,Rainy
7,3,85,107,81,19,6,2,12,16,39,5,75,53,Sunny
9,15,9,19,14,152,126,118,98,81,74,147,69,81,Cold
40,43,33,64,44,42,29,34,40,62,72,71,104,74,Cloudy
2,16,12,6,4,107,124,141,89,114,84,106,48,52,Cold
14,11,3,3,5,119,110,91,101,103,123,106,76,58,Cold
108,116,29,23,14,48,12,45,44,75,97,68,67,91,Rainy
17,0,7,27,4,130,117,133,104,81,91,133,70,83,Cold
10,8,0,0,12,95,83,92,108,91,111,147,49,68,Cold
15,1,83,102,89,12,4,13,2,37,39,18,56,53,Sunny
110,85,29,31,10,75,0,65,47,123,111,55,41,55,Rainy
7,6,147,113,114,19,6,2,4,30,20,20,89,88,Sunny
20,0,119,82,76,16,3,15,3,11,16,18,81,49,Sunny
19,10,95,98,84,4,7,0,1,13,26,17,84,53,Sunny
41,31,65,49,28,58,25,35,44,54,75,44,68,80,Cloudy
31,48,52,40,43,60,13,52,42,72,69,65,93,84,Cloudy
24,1,153,103,73,15,7,4,9,18,15,18,82,56,Sunny
1,7,2,7,10,125,89,100,113,129,104,106,74,63,Cold
90,61,17,25,4,63,9,34,32,77,69,86,74,81,Rainy
58,29,42,33,25,43,25,59,41,78,45,52,108,73,Cloudy
47,29,63,49,29,59,35,58,38,47,59,46,103,95,Cloudy
14,14,88,108,108,17,1,1,8,38,11,20,69,82,Sunny
15,17,104,89,113,10,8,0,2,21,12,15,76,47,Sunny
108,115,25,8,18,72,12,53,23,72,91,49,58,58,Rainy
5,2,144,80,71,19,9,5,1,10,24,16,73,62,Sunny
128,106,24,36,7,69,17,51,22,71,109,84,78,83,Rainy
124,106,21,22,14,52,13,49,41,133,85,56,68,53,Rainy
36,41,41,54,37,61,31,52,49,77,60,69,70,109,Cloudy
8,8,153,82,111,15,7,5,2,21,25,16,53,77,Sunny
38,49,41,30,27,48,28,50,44,58,42,74,79,101,Cloudy
0,17,3,5,2,152,146,124,85,82,109,99,46,90,Cold
93,74,12,5,0,77,8,40,23,98,85,61,82,90,Rainy
40,51,40,43,26,49,18,54,34,64,56,71,71,60,Cloudy
46,43,62,38,23,43,20,43,27,57,44,43,69,107,Cloudy
26,16,153,118,106,14,6,16,0,34,13,24,68,85,Sunny
26,19,150,109,99,4,0,2,0,14,28,20,71,73,Sunny
21,11,118,113,95,1,5,14,12,19,26,13,59,46,Sunny
111,119,26,6,14,68,6,51,38,74,72,40,58,81,Rainy
120,117,24,26,11,60,3,36,44,107,72,58,47,70,Rainy
13,2,16,8,7,105,145,112,114,131,129,127,54,95,Cold
7,13,7,23,12,123,142,102,116,130,94,134,59,57,Cold
137,117,11,8,17,45,11,34,45,119,79,51,49,90,Rainy
24,8,158,95,109,14,6,18,2,12,10,5,87,61,Sunny
29,9,99,138,99,4,7,1,11,34,21,16,79,48,Sunny
15,17,12,10,0,97,120,149,72,92,116,123,58,91,Cold
